/* SPDX-License-Identifier: (LGPL-2.1 OR BSD-2-Clause) */

/* THIS FILE IS AUTOGENERATED BY BPFTOOL! */
#ifndef __KFUNC_BPF_SKEL_H__
#define __KFUNC_BPF_SKEL_H__

#include <errno.h>
#include <stdlib.h>
#include <bpf/libbpf.h>

#define BPF_SKEL_SUPPORTS_MAP_AUTO_ATTACH 1

struct kfunc_bpf {
	struct bpf_object_skeleton *skeleton;
	struct bpf_object *obj;
	struct {
		struct bpf_map *num_process;
		struct bpf_map *address_to_proc;
		struct bpf_map *proc_to_address;
		struct bpf_map *bss;
		struct bpf_map *rodata_str1_1;
	} maps;
	struct {
		struct bpf_program *kfunc;
	} progs;
	struct {
		struct bpf_link *kfunc;
	} links;
	struct kfunc_bpf__bss {
		__u32 count_pass;
		__u32 count_tx;
		__u64 start_time;
	} *bss;

#ifdef __cplusplus
	static inline struct kfunc_bpf *open(const struct bpf_object_open_opts *opts = nullptr);
	static inline struct kfunc_bpf *open_and_load();
	static inline int load(struct kfunc_bpf *skel);
	static inline int attach(struct kfunc_bpf *skel);
	static inline void detach(struct kfunc_bpf *skel);
	static inline void destroy(struct kfunc_bpf *skel);
	static inline const void *elf_bytes(size_t *sz);
#endif /* __cplusplus */
};

static void
kfunc_bpf__destroy(struct kfunc_bpf *obj)
{
	if (!obj)
		return;
	if (obj->skeleton)
		bpf_object__destroy_skeleton(obj->skeleton);
	free(obj);
}

static inline int
kfunc_bpf__create_skeleton(struct kfunc_bpf *obj);

static inline struct kfunc_bpf *
kfunc_bpf__open_opts(const struct bpf_object_open_opts *opts)
{
	struct kfunc_bpf *obj;
	int err;

	obj = (struct kfunc_bpf *)calloc(1, sizeof(*obj));
	if (!obj) {
		errno = ENOMEM;
		return NULL;
	}

	err = kfunc_bpf__create_skeleton(obj);
	if (err)
		goto err_out;

	err = bpf_object__open_skeleton(obj->skeleton, opts);
	if (err)
		goto err_out;

	return obj;
err_out:
	kfunc_bpf__destroy(obj);
	errno = -err;
	return NULL;
}

static inline struct kfunc_bpf *
kfunc_bpf__open(void)
{
	return kfunc_bpf__open_opts(NULL);
}

static inline int
kfunc_bpf__load(struct kfunc_bpf *obj)
{
	return bpf_object__load_skeleton(obj->skeleton);
}

static inline struct kfunc_bpf *
kfunc_bpf__open_and_load(void)
{
	struct kfunc_bpf *obj;
	int err;

	obj = kfunc_bpf__open();
	if (!obj)
		return NULL;
	err = kfunc_bpf__load(obj);
	if (err) {
		kfunc_bpf__destroy(obj);
		errno = -err;
		return NULL;
	}
	return obj;
}

static inline int
kfunc_bpf__attach(struct kfunc_bpf *obj)
{
	return bpf_object__attach_skeleton(obj->skeleton);
}

static inline void
kfunc_bpf__detach(struct kfunc_bpf *obj)
{
	bpf_object__detach_skeleton(obj->skeleton);
}

static inline const void *kfunc_bpf__elf_bytes(size_t *sz);

static inline int
kfunc_bpf__create_skeleton(struct kfunc_bpf *obj)
{
	struct bpf_object_skeleton *s;
	struct bpf_map_skeleton *map __attribute__((unused));
	int err;

	s = (struct bpf_object_skeleton *)calloc(1, sizeof(*s));
	if (!s)	{
		err = -ENOMEM;
		goto err;
	}

	s->sz = sizeof(*s);
	s->name = "kfunc_bpf";
	s->obj = &obj->obj;

	/* maps */
	s->map_cnt = 5;
	s->map_skel_sz = 24;
	s->maps = (struct bpf_map_skeleton *)calloc(s->map_cnt,
			sizeof(*s->maps) > 24 ? sizeof(*s->maps) : 24);
	if (!s->maps) {
		err = -ENOMEM;
		goto err;
	}

	map = (struct bpf_map_skeleton *)((char *)s->maps + 0 * s->map_skel_sz);
	map->name = "num_process";
	map->map = &obj->maps.num_process;

	map = (struct bpf_map_skeleton *)((char *)s->maps + 1 * s->map_skel_sz);
	map->name = "address_to_proc";
	map->map = &obj->maps.address_to_proc;

	map = (struct bpf_map_skeleton *)((char *)s->maps + 2 * s->map_skel_sz);
	map->name = "proc_to_address";
	map->map = &obj->maps.proc_to_address;

	map = (struct bpf_map_skeleton *)((char *)s->maps + 3 * s->map_skel_sz);
	map->name = "kfunc_bp.bss";
	map->map = &obj->maps.bss;
	map->mmaped = (void **)&obj->bss;

	map = (struct bpf_map_skeleton *)((char *)s->maps + 4 * s->map_skel_sz);
	map->name = ".rodata.str1.1";
	map->map = &obj->maps.rodata_str1_1;

	/* programs */
	s->prog_cnt = 1;
	s->prog_skel_sz = sizeof(*s->progs);
	s->progs = (struct bpf_prog_skeleton *)calloc(s->prog_cnt, s->prog_skel_sz);
	if (!s->progs) {
		err = -ENOMEM;
		goto err;
	}

	s->progs[0].name = "kfunc";
	s->progs[0].prog = &obj->progs.kfunc;
	s->progs[0].link = &obj->links.kfunc;

	s->data = kfunc_bpf__elf_bytes(&s->data_sz);

	obj->skeleton = s;
	return 0;
err:
	bpf_object__destroy_skeleton(s);
	return err;
}

static inline const void *kfunc_bpf__elf_bytes(size_t *sz)
{
	static const char data[] __attribute__((__aligned__(8))) = "\
\x7f\x45\x4c\x46\x02\x01\x01\0\0\0\0\0\0\0\0\0\x01\0\xf7\0\x01\0\0\0\0\0\0\0\0\
\0\0\0\0\0\0\0\0\0\0\0\xc0\x8a\0\0\0\0\0\0\0\0\0\0\x40\0\0\0\0\0\x40\0\x1e\0\
\x01\0\x61\x12\x04\0\0\0\0\0\x61\x16\0\0\0\0\0\0\xbf\x67\0\0\0\0\0\0\x07\x07\0\
\0\x0e\0\0\0\xb7\0\0\0\x02\0\0\0\x2d\x27\x64\x01\0\0\0\0\x71\x63\x0d\0\0\0\0\0\
\x67\x03\0\0\x08\0\0\0\x71\x64\x0c\0\0\0\0\0\x4f\x43\0\0\0\0\0\0\x55\x03\x5f\
\x01\x08\0\0\0\xbf\x63\0\0\0\0\0\0\x07\x03\0\0\x22\0\0\0\x2d\x23\x5c\x01\0\0\0\
\0\x71\x74\0\0\0\0\0\0\xbf\x43\0\0\0\0\0\0\x57\x03\0\0\x0f\0\0\0\xb7\x05\0\0\
\x05\0\0\0\x2d\x35\x57\x01\0\0\0\0\x71\x65\x17\0\0\0\0\0\x55\x05\x55\x01\x11\0\
\0\0\x67\x03\0\0\x02\0\0\0\xbf\x75\0\0\0\0\0\0\x0f\x35\0\0\0\0\0\0\x07\x05\0\0\
\x08\0\0\0\x2d\x25\x50\x01\0\0\0\0\xb7\0\0\0\x01\0\0\0\x61\x63\x1a\0\0\0\0\0\
\x55\x03\x4d\x01\xc0\xa8\x65\x02\x61\x13\x08\0\0\0\0\0\xbf\x35\0\0\0\0\0\0\x07\
\x05\0\0\x04\0\0\0\x2d\x65\x7e\0\0\0\0\0\x67\x04\0\0\x02\0\0\0\x57\x04\0\0\x3c\
\0\0\0\x0f\x47\0\0\0\0\0\0\xbf\x71\0\0\0\0\0\0\x07\x01\0\0\x08\0\0\0\xb7\0\0\0\
\x02\0\0\0\x2d\x21\x42\x01\0\0\0\0\xbf\x71\0\0\0\0\0\0\x07\x01\0\0\x38\0\0\0\
\x2d\x21\x3f\x01\0\0\0\0\x71\x71\x08\0\0\0\0\0\x15\x01\x06\0\x4d\0\0\0\x71\x71\
\x09\0\0\0\0\0\x15\x01\x04\0\x50\0\0\0\x71\x71\x0a\0\0\0\0\0\x15\x01\x02\0\x49\
\0\0\0\x71\x71\x0b\0\0\0\0\0\x55\x01\x37\x01\0\0\0\0\x71\x71\x15\0\0\0\0\0\x67\
\x01\0\0\x08\0\0\0\x71\x74\x14\0\0\0\0\0\x4f\x41\0\0\0\0\0\0\x71\x74\x16\0\0\0\
\0\0\x67\x04\0\0\x10\0\0\0\x71\x78\x17\0\0\0\0\0\x67\x08\0\0\x18\0\0\0\x4f\x48\
\0\0\0\0\0\0\x4f\x18\0\0\0\0\0\0\x71\x74\x0d\0\0\0\0\0\x67\x04\0\0\x08\0\0\0\
\x71\x71\x0c\0\0\0\0\0\x4f\x14\0\0\0\0\0\0\x71\x75\x0e\0\0\0\0\0\x67\x05\0\0\
\x10\0\0\0\x71\x71\x0f\0\0\0\0\0\x67\x01\0\0\x18\0\0\0\x4f\x51\0\0\0\0\0\0\x71\
\x70\x19\0\0\0\0\0\x67\0\0\0\x08\0\0\0\x71\x75\x18\0\0\0\0\0\x4f\x50\0\0\0\0\0\
\0\x71\x79\x1a\0\0\0\0\0\x67\x09\0\0\x10\0\0\0\x71\x75\x1b\0\0\0\0\0\x67\x05\0\
\0\x18\0\0\0\x4f\x95\0\0\0\0\0\0\x4f\x05\0\0\0\0\0\0\x4f\x41\0\0\0\0\0\0\xbf\
\x84\0\0\0\0\0\0\xdc\x04\0\0\x20\0\0\0\xbf\x19\0\0\0\0\0\0\xdc\x09\0\0\x20\0\0\
\0\xdc\x05\0\0\x20\0\0\0\x15\x05\xdd\0\x03\0\0\0\x15\x05\xaa\0\x02\0\0\0\xb7\0\
\0\0\x02\0\0\0\x55\x05\x10\x01\x01\0\0\0\x1d\x81\x0f\x01\0\0\0\0\xbf\x61\0\0\0\
\0\0\0\x07\x01\0\0\x04\0\0\0\x2d\x21\x0c\x01\0\0\0\0\x71\x71\x11\0\0\0\0\0\x7b\
\x1a\xb8\xff\0\0\0\0\x71\x71\x10\0\0\0\0\0\x7b\x1a\xa8\xff\0\0\0\0\x71\x71\x12\
\0\0\0\0\0\x7b\x1a\xb0\xff\0\0\0\0\x71\x71\x13\0\0\0\0\0\x7b\x1a\xc0\xff\0\0\0\
\0\x71\x38\x03\0\0\0\0\0\x71\x31\x02\0\0\0\0\0\x7b\x1a\xd0\xff\0\0\0\0\x71\x31\
\0\0\0\0\0\0\x7b\x1a\xc8\xff\0\0\0\0\x71\x39\x01\0\0\0\0\0\xb7\x01\0\0\0\0\0\0\
\x63\x1a\xdc\xff\0\0\0\0\xbf\xa2\0\0\0\0\0\0\x07\x02\0\0\xdc\xff\xff\xff\x18\
\x01\0\0\0\0\0\0\0\0\0\0\0\0\0\0\x85\0\0\0\x01\0\0\0\xbf\x01\0\0\0\0\0\0\x15\
\x01\x29\0\0\0\0\0\x67\x09\0\0\x08\0\0\0\x79\xa2\xc8\xff\0\0\0\0\x4f\x29\0\0\0\
\0\0\0\x79\xa2\xd0\xff\0\0\0\0\x67\x02\0\0\x10\0\0\0\x67\x08\0\0\x18\0\0\0\x4f\
\x28\0\0\0\0\0\0\x4f\x98\0\0\0\0\0\0\xb7\0\0\0\x45\0\0\0\x15\x08\xeb\0\0\0\0\0\
\x79\xa3\xb8\xff\0\0\0\0\x67\x03\0\0\x08\0\0\0\x79\xa2\xa8\xff\0\0\0\0\x4f\x23\
\0\0\0\0\0\0\x79\xa4\xb0\xff\0\0\0\0\x67\x04\0\0\x10\0\0\0\x79\xa2\xc0\xff\0\0\
\0\0\x67\x02\0\0\x18\0\0\0\x4f\x42\0\0\0\0\0\0\x4f\x32\0\0\0\0\0\0\xbf\x28\0\0\
\0\0\0\0\xdc\x02\0\0\x20\0\0\0\xbf\x29\0\0\0\0\0\0\x67\x09\0\0\x21\0\0\0\x18\
\x03\0\0\0\0\0\0\0\0\0\0\x02\0\0\0\x0f\x39\0\0\0\0\0\0\xb7\0\0\0\x02\0\0\0\xc7\
\x09\0\0\x20\0\0\0\x61\x11\0\0\0\0\0\0\x67\x01\0\0\x20\0\0\0\xc7\x01\0\0\x20\0\
\0\0\x7d\x19\xd4\0\0\0\0\0\x63\x9a\xec\xff\0\0\0\0\x63\x2a\xe8\xff\0\0\0\0\xbf\
\xa2\0\0\0\0\0\0\x07\x02\0\0\xe8\xff\xff\xff\x18\x01\0\0\0\0\0\0\0\0\0\0\0\0\0\
\0\x85\0\0\0\x01\0\0\0\x55\0\x8c\x01\0\0\0\0\x05\0\xca\0\0\0\0\0\x18\x06\0\0\0\
\0\0\0\0\0\0\0\0\0\0\0\x79\x63\0\0\0\0\0\0\x55\x03\x05\0\0\0\0\0\xbf\x18\0\0\0\
\0\0\0\x85\0\0\0\x05\0\0\0\x7b\x06\0\0\0\0\0\0\x61\x82\x04\0\0\0\0\0\x71\x74\0\
\0\0\0\0\0\x67\x04\0\0\x02\0\0\0\x57\x04\0\0\x3c\0\0\0\x0f\x47\0\0\0\0\0\0\xbf\
\x71\0\0\0\0\0\0\x07\x01\0\0\x08\0\0\0\xb7\0\0\0\x02\0\0\0\x2d\x21\xbb\0\0\0\0\
\0\xbf\x71\0\0\0\0\0\0\x07\x01\0\0\x38\0\0\0\x2d\x21\xb8\0\0\0\0\0\x71\x71\x08\
\0\0\0\0\0\x15\x01\x06\0\x4d\0\0\0\x71\x71\x09\0\0\0\0\0\x15\x01\x04\0\x50\0\0\
\0\x71\x71\x0a\0\0\0\0\0\x15\x01\x02\0\x49\0\0\0\x71\x71\x0b\0\0\0\0\0\x55\x01\
\xb0\0\0\0\0\0\x71\x71\x0d\0\0\0\0\0\x7b\x1a\xc8\xff\0\0\0\0\x71\x71\x0c\0\0\0\
\0\0\x7b\x1a\x98\xff\0\0\0\0\x71\x71\x0e\0\0\0\0\0\x7b\x1a\xa8\xff\0\0\0\0\x71\
\x71\x0f\0\0\0\0\0\x7b\x1a\xd0\xff\0\0\0\0\x71\x71\x11\0\0\0\0\0\x7b\x1a\x90\
\xff\0\0\0\0\x71\x71\x10\0\0\0\0\0\x7b\x1a\x78\xff\0\0\0\0\x71\x71\x12\0\0\0\0\
\0\x7b\x1a\x80\xff\0\0\0\0\x71\x71\x13\0\0\0\0\0\x7b\x1a\x88\xff\0\0\0\0\x71\
\x76\x15\0\0\0\0\0\x71\x71\x14\0\0\0\0\0\x7b\x1a\xa0\xff\0\0\0\0\x71\x71\x16\0\
\0\0\0\0\x7b\x1a\xb0\xff\0\0\0\0\x71\x78\x17\0\0\0\0\0\x71\x79\x19\0\0\0\0\0\
\x71\x71\x18\0\0\0\0\0\x7b\x1a\xb8\xff\0\0\0\0\x71\x71\x1a\0\0\0\0\0\x7b\x1a\
\xc0\xff\0\0\0\0\x71\x77\x1b\0\0\0\0\0\xb7\x01\0\0\0\0\0\0\x63\x1a\xdc\xff\0\0\
\0\0\xbf\xa2\0\0\0\0\0\0\x07\x02\0\0\xdc\xff\xff\xff\x18\x01\0\0\0\0\0\0\0\0\0\
\0\0\0\0\0\x85\0\0\0\x01\0\0\0\x79\xa2\xd0\xff\0\0\0\0\xbf\x01\0\0\0\0\0\0\xb7\
\0\0\0\0\0\0\0\x15\x01\x89\0\0\0\0\0\x79\xa3\xc8\xff\0\0\0\0\x67\x03\0\0\x08\0\
\0\0\x79\xa4\x98\xff\0\0\0\0\x4f\x43\0\0\0\0\0\0\x79\xa4\xa8\xff\0\0\0\0\x67\
\x04\0\0\x10\0\0\0\x67\x02\0\0\x18\0\0\0\x4f\x42\0\0\0\0\0\0\x67\x06\0\0\x08\0\
\0\0\x79\xa4\xa0\xff\0\0\0\0\x4f\x46\0\0\0\0\0\0\x79\xa4\xb0\xff\0\0\0\0\x67\
\x04\0\0\x10\0\0\0\x67\x08\0\0\x18\0\0\0\x4f\x48\0\0\0\0\0\0\x67\x09\0\0\x08\0\
\0\0\x79\xa4\xb8\xff\0\0\0\0\x4f\x49\0\0\0\0\0\0\x79\xa4\xc0\xff\0\0\0\0\x67\
\x04\0\0\x10\0\0\0\x67\x07\0\0\x18\0\0\0\x4f\x47\0\0\0\0\0\0\x4f\x97\0\0\0\0\0\
\0\x4f\x68\0\0\0\0\0\0\x4f\x32\0\0\0\0\0\0\xdc\x07\0\0\x20\0\0\0\x15\x07\x5d\0\
\x03\0\0\0\x15\x07\x46\0\x02\0\0\0\xb7\0\0\0\x02\0\0\0\x55\x07\x6b\0\x01\0\0\0\
\x1d\x82\x6a\0\0\0\0\0\xb7\0\0\0\x45\0\0\0\x05\0\x68\0\0\0\0\0\xb7\0\0\0\x02\0\
\0\0\x1d\x81\x66\0\0\0\0\0\xbf\x61\0\0\0\0\0\0\x07\x01\0\0\x04\0\0\0\x2d\x21\
\x63\0\0\0\0\0\x7b\x4a\xd0\xff\0\0\0\0\x71\x31\x03\0\0\0\0\0\x7b\x1a\xc8\xff\0\
\0\0\0\x71\x31\x02\0\0\0\0\0\x7b\x1a\xb8\xff\0\0\0\0\x71\x31\0\0\0\0\0\0\x7b\
\x1a\xb0\xff\0\0\0\0\x71\x31\x01\0\0\0\0\0\x7b\x1a\xc0\xff\0\0\0\0\xb7\x01\0\0\
\0\0\0\0\x63\x1a\xe4\xff\0\0\0\0\xbf\xa2\0\0\0\0\0\0\x07\x02\0\0\xe4\xff\xff\
\xff\x18\x01\0\0\0\0\0\0\0\0\0\0\0\0\0\0\x85\0\0\0\x01\0\0\0\x15\0\x1b\0\0\0\0\
\0\x79\xa1\xc0\xff\0\0\0\0\x67\x01\0\0\x08\0\0\0\x79\xa2\xb0\xff\0\0\0\0\x4f\
\x21\0\0\0\0\0\0\x79\xa2\xb8\xff\0\0\0\0\x67\x02\0\0\x10\0\0\0\x79\xa3\xc8\xff\
\0\0\0\0\x67\x03\0\0\x18\0\0\0\x4f\x23\0\0\0\0\0\0\x4f\x13\0\0\0\0\0\0\x79\xa2\
\xd0\xff\0\0\0\0\x0f\x23\0\0\0\0\0\0\x67\x03\0\0\x20\0\0\0\x77\x03\0\0\x20\0\0\
\0\x61\x01\0\0\0\0\0\0\x9f\x13\0\0\0\0\0\0\xb7\0\0\0\x02\0\0\0\x1d\x39\x40\0\0\
\0\0\0\xbf\x39\0\0\0\0\0\0\x63\x3a\xec\xff\0\0\0\0\x63\x2a\xe8\xff\0\0\0\0\xbf\
\xa2\0\0\0\0\0\0\x07\x02\0\0\xe8\xff\xff\xff\x18\x01\0\0\0\0\0\0\0\0\0\0\0\0\0\
\0\x85\0\0\0\x01\0\0\0\x55\0\x6b\0\0\0\0\0\x05\0\x35\0\0\0\0\0\x5d\x81\x36\0\0\
\0\0\0\xb7\x01\0\0\0\0\0\0\x73\x1a\xfa\xff\0\0\0\0\xb7\x01\0\0\x6e\x65\0\0\x6b\
\x1a\xf8\xff\0\0\0\0\x18\x01\0\0\x6f\x20\x69\x6e\0\0\0\0\x20\x63\x6c\x6f\x7b\
\x1a\xf0\xff\0\0\0\0\x18\x01\0\0\x68\x6f\x20\x66\0\0\0\0\x69\x6e\x69\x74\x7b\
\x1a\xe8\xff\0\0\0\0\xbf\xa1\0\0\0\0\0\0\x07\x01\0\0\xe8\xff\xff\xff\xb7\x02\0\
\0\x13\0\0\0\x05\0\x25\0\0\0\0\0\xb7\0\0\0\x02\0\0\0\x1d\x82\x25\0\0\0\0\0\x79\
\xa3\x90\xff\0\0\0\0\x67\x03\0\0\x08\0\0\0\x79\xa4\x78\xff\0\0\0\0\x4f\x43\0\0\
\0\0\0\0\x79\xa5\x80\xff\0\0\0\0\x67\x05\0\0\x10\0\0\0\x79\xa4\x88\xff\0\0\0\0\
\x67\x04\0\0\x18\0\0\0\x4f\x54\0\0\0\0\0\0\x4f\x34\0\0\0\0\0\0\x5d\x42\x1a\0\0\
\0\0\0\x61\x10\0\0\0\0\0\0\x18\x01\0\0\0\0\0\0\0\0\0\0\0\0\0\0\x61\x12\0\0\0\0\
\0\0\x07\x02\0\0\x01\0\0\0\x63\x21\0\0\0\0\0\0\x67\0\0\0\x05\0\0\0\x47\0\0\0\
\x05\0\0\0\x05\0\x11\0\0\0\0\0\xb7\0\0\0\x25\0\0\0\x5d\x82\x0f\0\0\0\0\0\xb7\
\x01\0\0\x6c\0\0\0\x6b\x1a\xfc\xff\0\0\0\0\xb7\x01\0\0\x67\x69\x6e\x61\x63\x1a\
\xf8\xff\0\0\0\0\x18\x01\0\0\x6f\x20\x69\x6e\0\0\0\0\x20\x6f\x72\x69\x7b\x1a\
\xf0\xff\0\0\0\0\x18\x01\0\0\x68\x6f\x20\x66\0\0\0\0\x69\x6e\x69\x74\x7b\x1a\
\xe8\xff\0\0\0\0\xbf\xa1\0\0\0\0\0\0\x07\x01\0\0\xe8\xff\xff\xff\xb7\x02\0\0\
\x16\0\0\0\x85\0\0\0\x06\0\0\0\xb7\0\0\0\x02\0\0\0\x95\0\0\0\0\0\0\0\xbf\x61\0\
\0\0\0\0\0\x07\x01\0\0\x04\0\0\0\xb7\0\0\0\x02\0\0\0\x2d\x21\xfb\xff\0\0\0\0\
\x7b\x4a\xd0\xff\0\0\0\0\x71\x31\x03\0\0\0\0\0\x7b\x1a\xc8\xff\0\0\0\0\x71\x31\
\x02\0\0\0\0\0\x7b\x1a\xb8\xff\0\0\0\0\x71\x31\0\0\0\0\0\0\x7b\x1a\xb0\xff\0\0\
\0\0\x71\x31\x01\0\0\0\0\0\x7b\x1a\xc0\xff\0\0\0\0\xb7\x01\0\0\0\0\0\0\x63\x1a\
\xe4\xff\0\0\0\0\xbf\xa2\0\0\0\0\0\0\x07\x02\0\0\xe4\xff\xff\xff\x18\x01\0\0\0\
\0\0\0\0\0\0\0\0\0\0\0\x85\0\0\0\x01\0\0\0\x15\0\x1d\0\0\0\0\0\x79\xa1\xc0\xff\
\0\0\0\0\x67\x01\0\0\x08\0\0\0\x79\xa2\xb0\xff\0\0\0\0\x4f\x21\0\0\0\0\0\0\x79\
\xa3\xb8\xff\0\0\0\0\x67\x03\0\0\x10\0\0\0\x79\xa2\xc8\xff\0\0\0\0\x67\x02\0\0\
\x18\0\0\0\x4f\x32\0\0\0\0\0\0\x4f\x12\0\0\0\0\0\0\x79\xa1\xd0\xff\0\0\0\0\x0f\
\x12\0\0\0\0\0\0\x67\x02\0\0\x20\0\0\0\x77\x02\0\0\x20\0\0\0\x61\x01\0\0\0\0\0\
\0\x9f\x12\0\0\0\0\0\0\xb7\0\0\0\x02\0\0\0\x7b\x2a\xc8\xff\0\0\0\0\x1d\x29\xd7\
\xff\0\0\0\0\x79\xa1\xc8\xff\0\0\0\0\x63\x1a\xec\xff\0\0\0\0\x79\xa1\xd0\xff\0\
\0\0\0\x63\x1a\xe8\xff\0\0\0\0\xbf\xa2\0\0\0\0\0\0\x07\x02\0\0\xe8\xff\xff\xff\
\x18\x01\0\0\0\0\0\0\0\0\0\0\0\0\0\0\x85\0\0\0\x01\0\0\0\x55\0\xf3\0\0\0\0\0\
\x05\0\xcb\xff\0\0\0\0\x71\x61\x0b\0\0\0\0\0\x67\x01\0\0\x08\0\0\0\x71\x62\x0a\
\0\0\0\0\0\x4f\x21\0\0\0\0\0\0\x6b\x1a\xe0\xff\0\0\0\0\x71\x61\x07\0\0\0\0\0\
\x67\x01\0\0\x08\0\0\0\x71\x62\x06\0\0\0\0\0\x4f\x21\0\0\0\0\0\0\x71\x62\x08\0\
\0\0\0\0\x67\x02\0\0\x10\0\0\0\x71\x63\x09\0\0\0\0\0\x67\x03\0\0\x18\0\0\0\x4f\
\x23\0\0\0\0\0\0\x4f\x13\0\0\0\0\0\0\x63\x3a\xdc\xff\0\0\0\0\x71\x61\x02\0\0\0\
\0\0\x73\x16\x08\0\0\0\0\0\x71\x61\x03\0\0\0\0\0\x73\x16\x09\0\0\0\0\0\x71\x61\
\0\0\0\0\0\0\x73\x16\x06\0\0\0\0\0\x71\x61\x01\0\0\0\0\0\x73\x16\x07\0\0\0\0\0\
\x71\x61\x04\0\0\0\0\0\x73\x16\x0a\0\0\0\0\0\x71\x61\x05\0\0\0\0\0\x73\x16\x0b\
\0\0\0\0\0\x61\xa1\xdc\xff\0\0\0\0\xbf\x12\0\0\0\0\0\0\x77\x02\0\0\x18\0\0\0\
\x73\x26\x03\0\0\0\0\0\xbf\x12\0\0\0\0\0\0\x77\x02\0\0\x10\0\0\0\x73\x26\x02\0\
\0\0\0\0\x73\x16\0\0\0\0\0\0\x77\x01\0\0\x08\0\0\0\x73\x16\x01\0\0\0\0\0\x69\
\xa1\xe0\xff\0\0\0\0\x73\x16\x04\0\0\0\0\0\x77\x01\0\0\x08\0\0\0\x73\x16\x05\0\
\0\0\0\0\xbf\x93\0\0\0\0\0\0\xbf\x31\0\0\0\0\0\0\xdc\x01\0\0\x10\0\0\0\x73\x17\
\x16\0\0\0\0\0\xbf\x31\0\0\0\0\0\0\xdc\x01\0\0\x40\0\0\0\xbf\x12\0\0\0\0\0\0\
\x77\x02\0\0\x38\0\0\0\x73\x27\x17\0\0\0\0\0\xdc\x03\0\0\x20\0\0\0\x73\x37\x14\
\0\0\0\0\0\x77\x01\0\0\x28\0\0\0\x73\x17\x15\0\0\0\0\0\xbf\x81\0\0\0\0\0\0\x77\
\x01\0\0\x10\0\0\0\x73\x17\x12\0\0\0\0\0\xbf\x81\0\0\0\0\0\0\x77\x01\0\0\x18\0\
\0\0\x73\x17\x13\0\0\0\0\0\x73\x87\x10\0\0\0\0\0\x77\x08\0\0\x08\0\0\0\x73\x87\
\x11\0\0\0\0\0\x71\x01\x09\0\0\0\0\0\x67\x01\0\0\x08\0\0\0\x71\x02\x08\0\0\0\0\
\0\x4f\x21\0\0\0\0\0\0\xdc\x01\0\0\x10\0\0\0\x6b\x17\0\0\0\0\0\0\xb7\x01\0\0\0\
\0\0\0\x71\x02\x0a\0\0\0\0\0\x71\x03\x0b\0\0\0\0\0\x6b\x17\x06\0\0\0\0\0\x67\
\x03\0\0\x08\0\0\0\x4f\x23\0\0\0\0\0\0\xdc\x03\0\0\x10\0\0\0\x6b\x37\x02\0\0\0\
\0\0\x69\x62\x10\0\0\0\0\0\xdc\x02\0\0\x10\0\0\0\x69\x61\x0e\0\0\0\0\0\xdc\x01\
\0\0\x10\0\0\0\x0f\x21\0\0\0\0\0\0\x71\x03\x01\0\0\0\0\0\x67\x03\0\0\x08\0\0\0\
\x71\x02\0\0\0\0\0\0\x4f\x23\0\0\0\0\0\0\x71\x04\x02\0\0\0\0\0\x67\x04\0\0\x10\
\0\0\0\x71\x02\x03\0\0\0\0\0\x67\x02\0\0\x18\0\0\0\x4f\x42\0\0\0\0\0\0\x4f\x32\
\0\0\0\0\0\0\x69\x63\x12\0\0\0\0\0\xdc\x03\0\0\x10\0\0\0\x0f\x31\0\0\0\0\0\0\
\x69\x63\x14\0\0\0\0\0\xdc\x03\0\0\x10\0\0\0\x0f\x31\0\0\0\0\0\0\x69\x63\x16\0\
\0\0\0\0\xdc\x03\0\0\x10\0\0\0\x0f\x31\0\0\0\0\0\0\xbf\x23\0\0\0\0\0\0\xdc\x03\
\0\0\x10\0\0\0\x0f\x31\0\0\0\0\0\0\x63\x26\x1a\0\0\0\0\0\xdc\x02\0\0\x20\0\0\0\
\x57\x02\0\0\xff\xff\0\0\x0f\x21\0\0\0\0\0\0\x71\x02\x05\0\0\0\0\0\x67\x02\0\0\
\x08\0\0\0\x71\x03\x04\0\0\0\0\0\x4f\x32\0\0\0\0\0\0\x71\x03\x06\0\0\0\0\0\x67\
\x03\0\0\x10\0\0\0\x71\x04\x07\0\0\0\0\0\x67\x04\0\0\x18\0\0\0\x4f\x34\0\0\0\0\
\0\0\x4f\x24\0\0\0\0\0\0\x63\x46\x1e\0\0\0\0\0\xbf\x42\0\0\0\0\0\0\xdc\x02\0\0\
\x10\0\0\0\x0f\x21\0\0\0\0\0\0\xdc\x04\0\0\x20\0\0\0\x57\x04\0\0\xff\xff\0\0\
\x0f\x41\0\0\0\0\0\0\xbf\x12\0\0\0\0\0\0\x67\x02\0\0\x20\0\0\0\x77\x02\0\0\x20\
\0\0\0\xb7\x03\0\0\0\0\x01\0\x2d\x23\x08\0\0\0\0\0\x18\x02\0\0\0\0\xff\xff\0\0\
\0\0\0\0\0\0\xbf\x13\0\0\0\0\0\0\x5f\x23\0\0\0\0\0\0\x77\x03\0\0\x10\0\0\0\x57\
\x01\0\0\xff\xff\0\0\x0f\x31\0\0\0\0\0\0\x25\x01\xfa\xff\xff\xff\0\0\x05\0\xf1\
\0\0\0\0\0\xbf\x91\0\0\0\0\0\0\xdc\x01\0\0\x10\0\0\0\x73\x17\x16\0\0\0\0\0\xbf\
\x91\0\0\0\0\0\0\xdc\x01\0\0\x20\0\0\0\x73\x17\x14\0\0\0\0\0\xbf\x82\0\0\0\0\0\
\0\xbf\x21\0\0\0\0\0\0\x77\x01\0\0\x18\0\0\0\x73\x17\x13\0\0\0\0\0\xbf\x21\0\0\
\0\0\0\0\x77\x01\0\0\x10\0\0\0\x73\x17\x12\0\0\0\0\0\x73\x27\x10\0\0\0\0\0\x77\
\x02\0\0\x08\0\0\0\x73\x27\x11\0\0\0\0\0\xdc\x09\0\0\x40\0\0\0\xbf\x91\0\0\0\0\
\0\0\x77\x01\0\0\x38\0\0\0\x73\x17\x17\0\0\0\0\0\x77\x09\0\0\x28\0\0\0\x73\x97\
\x15\0\0\0\0\0\x71\x01\x09\0\0\0\0\0\x67\x01\0\0\x08\0\0\0\x71\x02\x08\0\0\0\0\
\0\x4f\x21\0\0\0\0\0\0\xdc\x01\0\0\x10\0\0\0\x6b\x17\0\0\0\0\0\0\xb7\x01\0\0\0\
\0\0\0\x71\x02\x0a\0\0\0\0\0\x71\x03\x0b\0\0\0\0\0\x6b\x17\x06\0\0\0\0\0\x67\
\x03\0\0\x08\0\0\0\x4f\x23\0\0\0\0\0\0\xdc\x03\0\0\x10\0\0\0\x6b\x37\x02\0\0\0\
\0\0\x69\x62\x10\0\0\0\0\0\xdc\x02\0\0\x10\0\0\0\x69\x61\x0e\0\0\0\0\0\xdc\x01\
\0\0\x10\0\0\0\x0f\x21\0\0\0\0\0\0\x71\x03\x01\0\0\0\0\0\x67\x03\0\0\x08\0\0\0\
\x71\x02\0\0\0\0\0\0\x4f\x23\0\0\0\0\0\0\x71\x04\x02\0\0\0\0\0\x67\x04\0\0\x10\
\0\0\0\x71\x02\x03\0\0\0\0\0\x67\x02\0\0\x18\0\0\0\x4f\x42\0\0\0\0\0\0\x4f\x32\
\0\0\0\0\0\0\x69\x63\x12\0\0\0\0\0\xdc\x03\0\0\x10\0\0\0\x0f\x31\0\0\0\0\0\0\
\x69\x63\x14\0\0\0\0\0\xdc\x03\0\0\x10\0\0\0\x0f\x31\0\0\0\0\0\0\x69\x63\x16\0\
\0\0\0\0\xdc\x03\0\0\x10\0\0\0\x0f\x31\0\0\0\0\0\0\xbf\x23\0\0\0\0\0\0\xdc\x03\
\0\0\x10\0\0\0\x0f\x31\0\0\0\0\0\0\x63\x26\x1a\0\0\0\0\0\xdc\x02\0\0\x20\0\0\0\
\x57\x02\0\0\xff\xff\0\0\x0f\x21\0\0\0\0\0\0\x71\x02\x05\0\0\0\0\0\x67\x02\0\0\
\x08\0\0\0\x71\x03\x04\0\0\0\0\0\x4f\x32\0\0\0\0\0\0\x71\x03\x06\0\0\0\0\0\x67\
\x03\0\0\x10\0\0\0\x71\x04\x07\0\0\0\0\0\x67\x04\0\0\x18\0\0\0\x4f\x34\0\0\0\0\
\0\0\x4f\x24\0\0\0\0\0\0\x63\x46\x1e\0\0\0\0\0\xbf\x42\0\0\0\0\0\0\xdc\x02\0\0\
\x10\0\0\0\x0f\x21\0\0\0\0\0\0\xdc\x04\0\0\x20\0\0\0\x57\x04\0\0\xff\xff\0\0\
\x0f\x41\0\0\0\0\0\0\xbf\x12\0\0\0\0\0\0\x67\x02\0\0\x20\0\0\0\x77\x02\0\0\x20\
\0\0\0\xb7\x03\0\0\0\0\x01\0\x2d\x23\x08\0\0\0\0\0\x18\x02\0\0\0\0\xff\xff\0\0\
\0\0\0\0\0\0\xbf\x13\0\0\0\0\0\0\x5f\x23\0\0\0\0\0\0\x77\x03\0\0\x10\0\0\0\x57\
\x01\0\0\xff\xff\0\0\x0f\x31\0\0\0\0\0\0\x25\x01\xfa\xff\xff\xff\0\0\xa7\x01\0\
\0\xff\xff\xff\xff\xdc\x01\0\0\x10\0\0\0\x6b\x16\x18\0\0\0\0\0\xb7\0\0\0\x03\0\
\0\0\x05\0\xda\xfe\0\0\0\0\x71\x61\x0b\0\0\0\0\0\x67\x01\0\0\x08\0\0\0\x71\x62\
\x0a\0\0\0\0\0\x4f\x21\0\0\0\0\0\0\x6b\x1a\xe0\xff\0\0\0\0\x71\x61\x07\0\0\0\0\
\0\x67\x01\0\0\x08\0\0\0\x71\x62\x06\0\0\0\0\0\x4f\x21\0\0\0\0\0\0\x71\x62\x08\
\0\0\0\0\0\x67\x02\0\0\x10\0\0\0\x71\x63\x09\0\0\0\0\0\x67\x03\0\0\x18\0\0\0\
\x4f\x23\0\0\0\0\0\0\x4f\x13\0\0\0\0\0\0\x63\x3a\xdc\xff\0\0\0\0\x71\x61\x02\0\
\0\0\0\0\x73\x16\x08\0\0\0\0\0\x71\x61\x03\0\0\0\0\0\x73\x16\x09\0\0\0\0\0\x71\
\x61\0\0\0\0\0\0\x73\x16\x06\0\0\0\0\0\x71\x61\x01\0\0\0\0\0\x73\x16\x07\0\0\0\
\0\0\x71\x61\x04\0\0\0\0\0\x73\x16\x0a\0\0\0\0\0\x71\x61\x05\0\0\0\0\0\x73\x16\
\x0b\0\0\0\0\0\x61\xa1\xdc\xff\0\0\0\0\xbf\x12\0\0\0\0\0\0\x77\x02\0\0\x18\0\0\
\0\x73\x26\x03\0\0\0\0\0\xbf\x12\0\0\0\0\0\0\x77\x02\0\0\x10\0\0\0\x73\x26\x02\
\0\0\0\0\0\x73\x16\0\0\0\0\0\0\x77\x01\0\0\x08\0\0\0\x73\x16\x01\0\0\0\0\0\x69\
\xa1\xe0\xff\0\0\0\0\x73\x16\x04\0\0\0\0\0\x77\x01\0\0\x08\0\0\0\x73\x16\x05\0\
\0\0\0\0\x79\xa3\xc8\xff\0\0\0\0\xbf\x31\0\0\0\0\0\0\xdc\x01\0\0\x10\0\0\0\x73\
\x17\x16\0\0\0\0\0\xbf\x31\0\0\0\0\0\0\xdc\x01\0\0\x40\0\0\0\xbf\x12\0\0\0\0\0\
\0\x77\x02\0\0\x38\0\0\0\x73\x27\x17\0\0\0\0\0\xdc\x03\0\0\x20\0\0\0\x73\x37\
\x14\0\0\0\0\0\x77\x01\0\0\x28\0\0\0\x73\x17\x15\0\0\0\0\0\xbf\x81\0\0\0\0\0\0\
\x77\x01\0\0\x10\0\0\0\x73\x17\x12\0\0\0\0\0\xbf\x81\0\0\0\0\0\0\x77\x01\0\0\
\x18\0\0\0\x73\x17\x13\0\0\0\0\0\x73\x87\x10\0\0\0\0\0\x77\x08\0\0\x08\0\0\0\
\x73\x87\x11\0\0\0\0\0\x71\x01\x09\0\0\0\0\0\x67\x01\0\0\x08\0\0\0\x71\x02\x08\
\0\0\0\0\0\x4f\x21\0\0\0\0\0\0\xdc\x01\0\0\x10\0\0\0\x6b\x17\0\0\0\0\0\0\xb7\
\x01\0\0\0\0\0\0\x71\x02\x0a\0\0\0\0\0\x71\x03\x0b\0\0\0\0\0\x6b\x17\x06\0\0\0\
\0\0\x67\x03\0\0\x08\0\0\0\x4f\x23\0\0\0\0\0\0\xdc\x03\0\0\x10\0\0\0\x6b\x37\
\x02\0\0\0\0\0\x69\x62\x10\0\0\0\0\0\xdc\x02\0\0\x10\0\0\0\x69\x61\x0e\0\0\0\0\
\0\xdc\x01\0\0\x10\0\0\0\x0f\x21\0\0\0\0\0\0\x71\x03\x01\0\0\0\0\0\x67\x03\0\0\
\x08\0\0\0\x71\x02\0\0\0\0\0\0\x4f\x23\0\0\0\0\0\0\x71\x04\x02\0\0\0\0\0\x67\
\x04\0\0\x10\0\0\0\x71\x02\x03\0\0\0\0\0\x67\x02\0\0\x18\0\0\0\x4f\x42\0\0\0\0\
\0\0\x4f\x32\0\0\0\0\0\0\x69\x63\x12\0\0\0\0\0\xdc\x03\0\0\x10\0\0\0\x0f\x31\0\
\0\0\0\0\0\x69\x63\x14\0\0\0\0\0\xdc\x03\0\0\x10\0\0\0\x0f\x31\0\0\0\0\0\0\x69\
\x63\x16\0\0\0\0\0\xdc\x03\0\0\x10\0\0\0\x0f\x31\0\0\0\0\0\0\xbf\x23\0\0\0\0\0\
\0\xdc\x03\0\0\x10\0\0\0\x0f\x31\0\0\0\0\0\0\x63\x26\x1a\0\0\0\0\0\xdc\x02\0\0\
\x20\0\0\0\x57\x02\0\0\xff\xff\0\0\x0f\x21\0\0\0\0\0\0\x71\x02\x05\0\0\0\0\0\
\x67\x02\0\0\x08\0\0\0\x71\x03\x04\0\0\0\0\0\x4f\x32\0\0\0\0\0\0\x71\x03\x06\0\
\0\0\0\0\x67\x03\0\0\x10\0\0\0\x71\x04\x07\0\0\0\0\0\x67\x04\0\0\x18\0\0\0\x4f\
\x34\0\0\0\0\0\0\x4f\x24\0\0\0\0\0\0\x63\x46\x1e\0\0\0\0\0\xbf\x42\0\0\0\0\0\0\
\xdc\x02\0\0\x10\0\0\0\x0f\x21\0\0\0\0\0\0\xdc\x04\0\0\x20\0\0\0\x57\x04\0\0\
\xff\xff\0\0\x0f\x41\0\0\0\0\0\0\xbf\x12\0\0\0\0\0\0\x67\x02\0\0\x20\0\0\0\x77\
\x02\0\0\x20\0\0\0\xb7\x03\0\0\0\0\x01\0\x2d\x23\x08\0\0\0\0\0\x18\x02\0\0\0\0\
\xff\xff\0\0\0\0\0\0\0\0\xbf\x13\0\0\0\0\0\0\x5f\x23\0\0\0\0\0\0\x77\x03\0\0\
\x10\0\0\0\x57\x01\0\0\xff\xff\0\0\x0f\x31\0\0\0\0\0\0\x25\x01\xfa\xff\xff\xff\
\0\0\xa7\x01\0\0\xff\xff\xff\xff\xdc\x01\0\0\x10\0\0\0\x6b\x16\x18\0\0\0\0\0\
\x18\x01\0\0\0\0\0\0\0\0\0\0\0\0\0\0\x61\x12\0\0\0\0\0\0\x07\x02\0\0\x01\0\0\0\
\x63\x21\0\0\0\0\0\0\xb7\0\0\0\x03\0\0\0\x05\0\x45\xfe\0\0\0\0\x47\x50\x4c\0\0\
\0\0\0\0\0\0\0\0\0\0\0\0\0\0\0\0\0\0\0\0\0\0\0\0\0\0\0\0\0\0\0\0\0\0\0\0\0\0\0\
\0\0\0\0\0\0\0\0\0\0\0\0\0\0\0\0\0\0\0\0\0\0\0\0\0\0\0\0\0\0\0\0\0\0\0\0\0\0\0\
\0\0\0\0\0\0\0\0\0\0\0\0\0\0\0\0\0\0\0\0\0\x68\x6f\x20\x66\x69\x6e\x69\x74\x6f\
\x20\x69\x6e\x20\x63\x6c\x6f\x6e\x65\0\x68\x6f\x20\x66\x69\x6e\x69\x74\x6f\x20\
\x69\x6e\x20\x6f\x72\x69\x67\x69\x6e\x61\x6c\0\x21\x08\0\0\x05\0\x08\0\x54\0\0\
\0\x50\x01\0\0\x5e\x01\0\0\x65\x01\0\0\x6c\x01\0\0\x73\x01\0\0\x7b\x01\0\0\x83\
\x01\0\0\x92\x01\0\0\xa5\x01\0\0\xbb\x01\0\0\xce\x01\0\0\0\x02\0\0\x0a\x02\0\0\
\x1d\x02\0\0\x4f\x02\0\0\x59\x02\0\0\x6c\x02\0\0\x9e\x02\0\0\xa8\x02\0\0\xb0\
\x02\0\0\xc6\x02\0\0\xe3\x02\0\0\0\x03\0\0\x1c\x03\0\0\x35\x03\0\0\x4b\x03\0\0\
\x67\x03\0\0\x71\x03\0\0\x8d\x03\0\0\xa9\x03\0\0\xc5\x03\0\0\xe2\x03\0\0\xfe\
\x03\0\0\x06\x04\0\0\x1c\x04\0\0\x39\x04\0\0\x41\x04\0\0\x5e\x04\0\0\x82\x04\0\
\0\x9e\x04\0\0\xba\x04\0\0\xd6\x04\0\0\xf2\x04\0\0\x0e\x05\0\0\x2b\x05\0\0\x35\
\x05\0\0\x3d\x05\0\0\x45\x05\0\0\x54\x05\0\0\x67\x05\0\0\x71\x05\0\0\x79\x05\0\
\0\x81\x05\0\0\x94\x05\0\0\xa5\x05\0\0\xc1\x05\0\0\xcb\x05\0\0\xd5\x05\0\0\xdf\
\x05\0\0\xe9\x05\0\0\xf3\x05\0\0\x02\x06\0\0\x18\x06\0\0\x22\x06\0\0\x2a\x06\0\
\0\x32\x06\0\0\x3a\x06\0\0\x49\x06\0\0\x53\x06\0\0\x5b\x06\0\0\x63\x06\0\0\x7d\
\x06\0\0\x8c\x06\0\0\x94\x06\0\0\x9c\x06\0\0\xb3\x06\0\0\x0e\x07\0\0\x1d\x07\0\
\0\x25\x07\0\0\x3c\x07\0\0\x97\x07\0\0\x9f\x07\0\0\xa7\x07\0\0\xbe\x07\0\0\x04\
\0\xa8\x02\x01\x51\x04\xf8\x09\xa8\x0a\x01\x51\0\x04\x10\xd0\x01\x01\x56\0\x04\
\x10\xd0\x01\x01\x52\0\x04\x50\xd0\x01\x01\x57\0\x04\xb0\x01\xd0\x01\x01\x53\0\
\x04\xc0\x01\xc8\x01\x01\x55\0\x04\xd0\x01\xa0\x02\x01\x57\x04\xf8\x09\xd8\x0a\
\x01\x57\0\x04\xd0\x01\xd0\x16\x03\x11\x7f\x9f\x04\xd8\x16\xa8\x32\x03\x11\x7f\
\x9f\0\x04\xe0\x01\x88\x0a\x01\x56\x04\x90\x10\x98\x14\x01\x56\x04\xd8\x16\xa8\
\x32\x01\x56\0\x04\xf0\x06\xf0\x09\x03\x7a\xe4\0\x04\xd0\x22\x80\x29\x03\x7a\
\xe4\0\0\x04\xb0\x09\xb8\x09\x05\x7a\xf0\0\x93\x04\x04\xb8\x09\xc0\x09\x02\x30\
\x9f\x04\xc0\x09\xf0\x09\x09\x93\x04\x7a\xf0\0\x23\x04\x93\x04\x04\xd0\x22\x80\
\x29\x09\x93\x04\x7a\xf0\0\x23\x04\x93\x04\0\x04\xf8\x13\x98\x14\x03\x7a\xf0\0\
\0\x04\xd0\x17\xe8\x19\x03\x7a\xec\0\x04\x80\x29\xd8\x31\x03\x7a\xec\0\0\x04\
\x98\x19\xa8\x19\x05\x7a\xf0\0\x93\x04\x04\xa8\x19\xb8\x19\x02\x30\x9f\x04\xb8\
\x19\xe8\x19\x09\x93\x04\x7a\xf0\0\x23\x04\x93\x04\x04\x80\x29\xd8\x31\x09\x93\
\x04\x7a\xf0\0\x23\x04\x93\x04\0\x04\x80\x2a\xd8\x31\x03\x7a\xe4\0\0\x04\x90\
\x11\x98\x13\x03\x7a\xec\0\x04\xf0\x19\xc8\x22\x03\x7a\xec\0\0\x04\xd0\x12\xe0\
\x12\x05\x7a\xf0\0\x93\x04\x04\xe0\x12\xe8\x12\x02\x30\x9f\x04\xe8\x12\x98\x13\
\x09\x93\x04\x7a\xf0\0\x23\x04\x93\x04\x04\xf0\x19\xc8\x22\x09\x93\x04\x7a\xf0\
\0\x23\x04\x93\x04\0\x04\xf0\x1a\xc8\x22\x03\x7a\xe4\0\0\x04\x88\x02\xa0\x02\
\x01\x57\0\x04\xa0\x02\xf0\x09\x01\x57\x04\x90\x10\x98\x14\x01\x57\x04\xd8\x16\
\xa8\x32\x01\x57\0\x04\x88\x02\x98\x07\x01\x53\x04\x90\x10\xb8\x11\x01\x53\x04\
\xa0\x13\x98\x14\x01\x53\x04\xd8\x16\xf8\x17\x01\x53\0\x04\x88\x02\xf8\x06\x01\
\x52\x04\x90\x10\x98\x11\x01\x52\x04\xa0\x13\x90\x14\x01\x52\x04\xd8\x16\xd8\
\x17\x01\x52\0\x04\xa0\x02\xf0\x09\x03\x10\x30\x9f\x04\x90\x10\x98\x14\x03\x10\
\x30\x9f\x04\xd8\x16\xa8\x32\x03\x10\x30\x9f\0\x04\xa0\x02\xf0\x09\x02\x34\x9f\
\x04\x90\x10\x98\x14\x02\x34\x9f\x04\xd8\x16\xa8\x32\x02\x34\x9f\0\x04\xb0\x02\
\xf0\x09\x01\x56\x04\x90\x10\x98\x14\x01\x56\x04\xd8\x16\xa8\x32\x01\x56\0\x04\
\xd8\x02\xe0\x02\x0c\x10\x61\x9f\x93\x01\x93\x02\x10\x61\x9f\x93\x01\x04\xe0\
\x02\xf0\x02\x03\x51\x93\x01\0\x04\xd8\x02\xe0\x02\x03\x11\0\x9f\0\x04\x98\x03\
\xf0\x09\x03\x77\x0c\x9f\x04\x90\x10\x98\x14\x03\x77\x0c\x9f\x04\xd8\x16\xa8\
\x32\x03\x77\x0c\x9f\0\x04\x98\x03\xf0\x09\x03\x77\x14\x9f\x04\x90\x10\x98\x14\
\x03\x77\x14\x9f\x04\xd8\x16\xa8\x32\x03\x77\x14\x9f\0\x04\xe8\x03\xf0\x09\x03\
\x77\x10\x9f\x04\x90\x10\x98\x14\x03\x77\x10\x9f\x04\xd8\x16\xa8\x32\x03\x77\
\x10\x9f\0\x04\xe8\x03\xb8\x06\x01\x58\x04\x90\x10\x98\x14\x01\x58\x04\xd8\x16\
\xe8\x1d\x01\x58\x04\x80\x29\xf8\x2c\x01\x58\0\x04\xb0\x04\xf0\x09\x03\x77\x18\
\x9f\x04\x90\x10\x98\x14\x03\x77\x18\x9f\x04\xd8\x16\xa8\x32\x03\x77\x18\x9f\0\
\x04\x80\x05\xb0\x05\x01\x55\0\x04\xc8\x08\xd0\x08\x01\x52\x04\xd0\x08\xf0\x09\
\x01\x58\x04\xd0\x22\x80\x29\x01\x58\0\x04\x88\x05\xe0\x05\x01\x51\x04\x90\x10\
\xa8\x10\x01\x51\x04\xa0\x13\xb0\x13\x01\x51\x04\xd8\x16\xe0\x16\x01\x51\0\x04\
\xd8\x08\xc8\x09\x01\x52\0\x04\x98\x05\x98\x07\x01\x54\x04\x90\x10\xb8\x11\x01\
\x54\x04\xa0\x13\x98\x14\x01\x54\x04\xd8\x16\xf8\x17\x01\x54\0\x04\xa8\x05\xe0\
\x06\x01\x59\x04\x90\x10\xd8\x12\x01\x59\x04\xa0\x13\x98\x14\x01\x59\x04\xd8\
\x16\xf0\x19\x01\x59\x04\x80\x29\xd8\x31\x01\x59\0\x04\xb0\x05\xf0\x09\x03\x77\
\x30\x9f\x04\x90\x10\x98\x14\x03\x77\x30\x9f\x04\xd8\x16\xa8\x32\x03\x77\x30\
\x9f\0\x04\xb0\x05\xf0\x09\x03\x77\x28\x9f\x04\x90\x10\x98\x14\x03\x77\x28\x9f\
\x04\xd8\x16\xa8\x32\x03\x77\x28\x9f\0\x04\xb0\x05\xf0\x09\x03\x77\x24\x9f\x04\
\x90\x10\x98\x14\x03\x77\x24\x9f\x04\xd8\x16\xa8\x32\x03\x77\x24\x9f\0\x04\xb0\
\x05\xf0\x09\x03\x77\x20\x9f\x04\x90\x10\x98\x14\x03\x77\x20\x9f\x04\xd8\x16\
\xa8\x32\x03\x77\x20\x9f\0\x04\xb0\x05\xf0\x09\x03\x77\x1c\x9f\x04\x90\x10\x98\
\x14\x03\x77\x1c\x9f\x04\xd8\x16\xa8\x32\x03\x77\x1c\x9f\0\x04\xb0\x05\x98\x07\
\x01\x55\x04\x90\x10\xb8\x11\x01\x55\x04\xa0\x13\x98\x14\x01\x55\x04\xd8\x16\
\xf8\x17\x01\x55\0\x04\xb0\x06\xe0\x06\x03\x11\0\x9f\0\x04\xa0\x07\x98\x09\x01\
\x51\0\x04\xa8\x09\xe0\x09\x01\x51\0\x04\xe8\x09\xf0\x09\x01\x50\x04\xd0\x22\
\xf8\x28\x01\x50\0\x04\xc0\x0a\x80\x10\x03\x7a\xe4\0\x04\x98\x14\xc0\x16\x03\
\x7a\xe4\0\0\x04\xa8\x16\xc0\x16\x03\x7a\xf0\0\0\x04\xc0\x0a\xd8\x0a\x01\x57\0\
\x04\xd8\x0a\xb0\x0d\x01\x57\0\x04\xd8\x0a\x80\x10\x03\x10\x30\x9f\x04\x98\x14\
\xc0\x16\x03\x10\x30\x9f\0\x04\xd8\x0a\x80\x10\x02\x34\x9f\x04\x98\x14\xc0\x16\
\x02\x34\x9f\0\x04\x90\x0b\x98\x0b\x0c\x10\x61\x9f\x93\x01\x93\x02\x10\x61\x9f\
\x93\x01\x04\x98\x0b\xa8\x0b\x03\x51\x93\x01\0\x04\x90\x0b\x98\x0b\x03\x11\0\
\x9f\0\x04\xd0\x0b\xb0\x0d\x03\x77\x0c\x9f\0\x04\x88\x0c\xb0\x0d\x03\x77\x10\
\x9f\0\x04\xc8\x0c\xb0\x0d\x03\x77\x14\x9f\0\x04\x80\x0d\xb0\x0d\x03\x77\x18\
\x9f\0\x04\xd8\x0f\x80\x10\x01\x57\x04\x98\x14\xc0\x16\x01\x57\0\x04\xf8\x0d\
\x80\x10\x01\x51\x04\x98\x14\x98\x15\x01\x51\x04\xc8\x15\xe0\x15\x01\x51\0\x04\
\xb8\x10\xf8\x10\x03\x11\0\x9f\0\x04\xb8\x11\xc8\x12\x01\x50\0\x04\xb8\x12\x88\
\x13\x01\x51\0\x04\xc0\x12\x90\x13\x01\x53\0\x04\x90\x13\x98\x13\x01\x50\x04\
\xf0\x19\xc8\x22\x01\x50\0\x04\xf8\x16\xb8\x17\x03\x11\0\x9f\0\x04\xf8\x17\x88\
\x19\x01\x50\0\x04\xf8\x18\xa0\x19\x01\x51\0\x04\x80\x19\x90\x19\x01\x52\x04\
\x90\x19\xe8\x19\x03\x7a\xd0\0\x04\x80\x29\xd8\x31\x03\x7a\xd0\0\0\x04\xe0\x19\
\xe8\x19\x01\x50\x04\x80\x29\xd8\x31\x01\x50\0\x04\xe0\x1c\xe8\x1d\x01\x58\0\
\x04\x90\x1d\xb8\x1e\x01\x53\0\x04\xf0\x1e\x88\x1f\x02\x30\x9f\x04\x88\x1f\xb8\
\x22\x01\x51\x04\xc0\x22\xc8\x22\x01\x51\0\x04\xe0\x1e\xf0\x1e\x03\x11\x01\x9f\
\x04\xf0\x1e\xd8\x1f\x03\x11\0\x9f\x04\xd8\x1f\xf0\x1f\x03\x11\x02\x9f\x04\xf0\
\x1f\x88\x20\x03\x11\x03\x9f\x04\x88\x20\xa0\x20\x03\x11\x04\x9f\x04\xa0\x20\
\xc0\x20\x03\x11\x06\x9f\x04\xc0\x20\xb0\x21\x03\x11\x07\x9f\x04\xb0\x21\xc8\
\x21\x03\x11\x08\x9f\x04\xc8\x21\x80\x22\x03\x11\x09\x9f\x04\x80\x22\x88\x22\
\x03\x11\x0a\x9f\0\x04\xd0\x22\x88\x23\x01\x58\x04\x88\x23\xc8\x23\x01\x52\0\
\x04\xf8\x22\x90\x23\x01\x51\0\x04\x80\x25\x98\x25\x02\x30\x9f\x04\x98\x25\xc8\
\x28\x01\x51\x04\xd0\x28\xd8\x28\x01\x51\0\x04\xf0\x24\x80\x25\x03\x11\x01\x9f\
\x04\x80\x25\xe8\x25\x03\x11\0\x9f\x04\xe8\x25\x80\x26\x03\x11\x02\x9f\x04\x80\
\x26\x98\x26\x03\x11\x03\x9f\x04\x98\x26\xb0\x26\x03\x11\x04\x9f\x04\xb0\x26\
\xd0\x26\x03\x11\x06\x9f\x04\xd0\x26\xc0\x27\x03\x11\x07\x9f\x04\xc0\x27\xd8\
\x27\x03\x11\x08\x9f\x04\xd8\x27\x90\x28\x03\x11\x09\x9f\x04\x90\x28\x98\x28\
\x03\x11\x0a\x9f\0\x04\xf0\x2b\xf8\x2c\x01\x58\0\x04\xa0\x2c\xc8\x2d\x01\x53\0\
\x04\x80\x2e\x98\x2e\x02\x30\x9f\x04\x98\x2e\xc8\x31\x01\x51\x04\xd0\x31\xd8\
\x31\x01\x51\0\x04\xf0\x2d\x80\x2e\x03\x11\x01\x9f\x04\x80\x2e\xe8\x2e\x03\x11\
\0\x9f\x04\xe8\x2e\x80\x2f\x03\x11\x02\x9f\x04\x80\x2f\x98\x2f\x03\x11\x03\x9f\
\x04\x98\x2f\xb0\x2f\x03\x11\x04\x9f\x04\xb0\x2f\xd0\x2f\x03\x11\x06\x9f\x04\
\xd0\x2f\xc0\x30\x03\x11\x07\x9f\x04\xc0\x30\xd8\x30\x03\x11\x08\x9f\x04\xd8\
\x30\x90\x31\x03\x11\x09\x9f\x04\x90\x31\x98\x31\x03\x11\x0a\x9f\0\x01\x11\x01\
\x25\x25\x13\x05\x03\x25\x72\x17\x10\x17\x1b\x25\x11\x1b\x12\x06\x73\x17\x74\
\x17\x8c\x01\x17\0\0\x02\x34\0\x03\x25\x49\x13\x3f\x19\x3a\x0b\x3b\x0b\x02\x18\
\0\0\x03\x16\0\x49\x13\x03\x25\x3a\x0b\x3b\x0b\0\0\x04\x24\0\x03\x25\x3e\x0b\
\x0b\x0b\0\0\x05\x34\0\x03\x25\x49\x13\x3f\x19\x3a\x0b\x3b\x05\x02\x18\0\0\x06\
\x01\x01\x49\x13\0\0\x07\x21\0\x49\x13\x37\x0b\0\0\x08\x24\0\x03\x25\x0b\x0b\
\x3e\x0b\0\0\x09\x13\x01\x0b\x0b\x3a\x0b\x3b\x0b\0\0\x0a\x0d\0\x03\x25\x49\x13\
\x3a\x0b\x3b\x0b\x38\x0b\0\0\x0b\x0f\0\x49\x13\0\0\x0c\x21\0\x49\x13\x37\x05\0\
\0\x0d\x13\x01\x03\x25\x0b\x0b\x3a\x0b\x3b\x0b\0\0\x0e\x34\0\x03\x25\x49\x13\
\x3a\x0b\x3b\x0b\x1c\x0f\0\0\x0f\x15\x01\x49\x13\x27\x19\0\0\x10\x05\0\x49\x13\
\0\0\x11\x0f\0\0\0\x12\x26\0\0\0\x13\x18\0\0\0\x14\x26\0\x49\x13\0\0\x15\x15\0\
\x49\x13\x27\x19\0\0\x16\x04\x01\x49\x13\x03\x25\x0b\x0b\x3a\x0b\x3b\x05\0\0\
\x17\x28\0\x03\x25\x1c\x0f\0\0\x18\x04\x01\x49\x13\x0b\x0b\x3a\x0b\x3b\x0b\0\0\
\x19\x04\x01\x49\x13\x03\x25\x0b\x0b\x3a\x0b\x3b\x0b\0\0\x1a\x2e\x01\x03\x25\
\x3a\x0b\x3b\x0b\x27\x19\x49\x13\x20\x21\x01\0\0\x1b\x05\0\x03\x25\x3a\x0b\x3b\
\x0b\x49\x13\0\0\x1c\x34\0\x03\x25\x3a\x0b\x3b\x0b\x49\x13\0\0\x1d\x13\x01\x03\
\x25\x0b\x0b\x3a\x0b\x3b\x05\0\0\x1e\x0d\0\x03\x25\x49\x13\x3a\x0b\x3b\x05\x38\
\x0b\0\0\x1f\x0d\0\x03\x25\x49\x13\x3a\x0b\x3b\x0b\x0d\x0b\x6b\x0b\0\0\x20\x0d\
\0\x49\x13\x3a\x0b\x3b\x0b\x38\x0b\0\0\x21\x17\x01\x0b\x0b\x3a\x0b\x3b\x0b\0\0\
\x22\x34\0\x03\x25\x3a\x0b\x3b\x05\x49\x13\0\0\x23\x0b\x01\0\0\x24\x2e\x01\x03\
\x25\x3a\x0b\x3b\x05\x27\x19\x49\x13\x20\x21\x01\0\0\x25\x05\0\x03\x25\x3a\x0b\
\x3b\x05\x49\x13\0\0\x26\x2e\x01\x11\x1b\x12\x06\x40\x18\x7a\x19\x03\x25\x3a\
\x0b\x3b\x05\x27\x19\x49\x13\x3f\x19\0\0\x27\x05\0\x02\x22\x03\x25\x3a\x0b\x3b\
\x05\x49\x13\0\0\x28\x34\0\x02\x22\x03\x25\x3a\x0b\x3b\x05\x49\x13\0\0\x29\x1d\
\x01\x31\x13\x11\x1b\x12\x06\x58\x0b\x59\x05\x57\x0b\0\0\x2a\x05\0\x02\x18\x31\
\x13\0\0\x2b\x34\0\x02\x22\x31\x13\0\0\x2c\x1d\x01\x31\x13\x55\x23\x58\x0b\x59\
\x05\x57\x0b\0\0\x2d\x05\0\x02\x22\x31\x13\0\0\x2e\x0b\x01\x11\x1b\x12\x06\0\0\
\x2f\x0b\x01\x55\x23\0\0\0\x5f\x0c\0\0\x05\0\x01\x08\0\0\0\0\x01\0\x1d\0\x01\
\x08\0\0\0\0\0\0\0\x02\x07\x28\x19\0\0\x08\0\0\0\x0c\0\0\0\x0c\0\0\0\x02\x03\
\x36\0\0\0\0\xb1\x02\xa1\0\x03\x3e\0\0\0\x05\x01\x1b\x04\x04\x07\x04\x02\x06\
\x36\0\0\0\0\xb2\x02\xa1\x01\x02\x07\x58\0\0\0\0\xb3\x02\xa1\x02\x03\x60\0\0\0\
\x09\x01\x1f\x04\x08\x07\x08\x05\x0a\x70\0\0\0\0\xa0\x02\x02\xa1\x03\x06\x7c\0\
\0\0\x07\x80\0\0\0\x04\0\x04\x0b\x06\x01\x08\x0c\x08\x07\x02\x0d\x8f\0\0\0\0\
\x48\x02\xa1\x04\x09\x20\0\x43\x0a\x0e\xb8\0\0\0\0\x44\0\x0a\x10\xcd\0\0\0\0\
\x45\x08\x0a\x11\xde\0\0\0\0\x46\x10\x0a\x12\xe3\0\0\0\0\x47\x18\0\x0b\xbd\0\0\
\0\x06\xc9\0\0\0\x07\x80\0\0\0\x02\0\x04\x0f\x05\x04\x0b\xd2\0\0\0\x06\xc9\0\0\
\0\x07\x80\0\0\0\x01\0\x0b\x36\0\0\0\x0b\x58\0\0\0\x02\x13\xf3\0\0\0\0\x5c\x02\
\xa1\x05\x09\x20\0\x57\x0a\x0e\xcd\0\0\0\0\x58\0\x0a\x10\x1c\x01\0\0\0\x59\x08\
\x0a\x11\x2e\x01\0\0\0\x5a\x10\x0a\x12\x86\x01\0\0\0\x5b\x18\0\x0b\x21\x01\0\0\
\x06\xc9\0\0\0\x0c\x80\0\0\0\0\x04\0\x0b\x33\x01\0\0\x03\x3b\x01\0\0\x1d\0\x50\
\x0d\x1d\x0d\0\x4a\x0a\x14\x36\0\0\0\0\x4b\0\x0a\x15\x36\0\0\0\0\x4c\x04\x0a\
\x16\x6e\x01\0\0\0\x4d\x08\x0a\x19\x6e\x01\0\0\0\x4e\x0a\x0a\x1a\x7a\x01\0\0\0\
\x4f\x0c\0\x03\x76\x01\0\0\x18\x01\x18\x04\x17\x07\x02\x03\x82\x01\0\0\x1c\x01\
\x15\x04\x1b\x08\x01\x0b\x8b\x01\0\0\x03\x93\x01\0\0\x20\0\x55\x0d\x20\x08\0\
\x52\x0a\x1e\x36\0\0\0\0\x53\0\x0a\x1f\x36\0\0\0\0\x54\x04\0\x02\x21\xb6\x01\0\
\0\0\x63\x02\xa1\x06\x09\x20\0\x5e\x0a\x0e\xcd\0\0\0\0\x5f\0\x0a\x10\x1c\x01\0\
\0\0\x60\x08\x0a\x11\x86\x01\0\0\0\x61\x10\x0a\x12\x2e\x01\0\0\0\x62\x18\0\x0e\
\x22\xe8\x01\0\0\x02\x38\x01\x0b\xed\x01\0\0\x0f\xfd\x01\0\0\x10\xfd\x01\0\0\
\x10\xfe\x01\0\0\0\x11\x0b\x03\x02\0\0\x12\x0e\x23\x0d\x02\0\0\x02\xb1\x06\x0b\
\x12\x02\0\0\x0f\x23\x02\0\0\x10\x27\x02\0\0\x10\x36\0\0\0\x13\0\x04\x24\x05\
\x08\x0b\x2c\x02\0\0\x14\x7c\0\0\0\x0e\x25\x3a\x02\0\0\x02\x72\x05\x0b\x3f\x02\
\0\0\x15\x58\0\0\0\x16\x3e\0\0\0\x2b\x04\x03\xc4\x18\x17\x26\0\x17\x27\x01\x17\
\x28\x02\x17\x29\x03\x17\x2a\x04\0\x18\x3e\0\0\0\x04\x04\x1d\x17\x2c\0\x17\x2d\
\x01\x17\x2e\x02\x17\x2f\x04\x17\x30\x06\x17\x31\x08\x17\x32\x0c\x17\x33\x11\
\x17\x34\x16\x17\x35\x1d\x17\x36\x21\x17\x37\x29\x17\x38\x2e\x17\x39\x2f\x17\
\x3a\x32\x17\x3b\x33\x17\x3c\x5c\x17\x3d\x5e\x17\x3e\x62\x17\x3f\x67\x17\x40\
\x6c\x17\x41\x73\x17\x42\x84\x01\x17\x43\x88\x01\x17\x44\x89\x01\x17\x45\x8f\
\x01\x17\x46\xff\x01\x17\x47\x86\x02\x17\x48\x87\x02\0\x19\x3e\0\0\0\x52\x04\0\
\x37\x17\x49\0\x17\x4a\x01\x17\x4b\x02\x17\x4c\x03\x17\x4d\x04\x17\x4e\x05\x17\
\x4f\x06\x17\x50\x07\x17\x51\x08\0\x19\x3e\0\0\0\x65\x04\0\x22\x17\x53\0\x17\
\x54\x01\x17\x55\x02\x17\x56\x03\x17\x57\x04\x17\x58\x05\x17\x59\x06\x17\x5a\
\x07\x17\x5b\x08\x17\x5c\x09\x17\x5d\x0a\x17\x5e\x0b\x17\x5f\x0c\x17\x60\x0d\
\x17\x61\x0e\x17\x62\x0f\x17\x63\x10\x17\x64\x11\0\x0b\x7c\0\0\0\x0b\x6e\x01\0\
\0\x1a\x66\0\x78\xc9\0\0\0\x1b\x67\0\x78\x95\x03\0\0\x1b\x6f\0\x79\xdd\x03\0\0\
\x1b\x75\0\x7a\x1c\x04\0\0\x1b\x84\0\x7b\xdb\x04\0\0\x1c\x89\0\x80\xe2\x03\0\0\
\x1c\x69\0\x7d\xfd\x01\0\0\x1c\x8a\0\x8c\x21\x04\0\0\x1c\x8b\0\x9f\x36\0\0\0\
\x1c\x8c\0\xa0\xe0\x04\0\0\x1c\x68\0\x7c\xfd\x01\0\0\x1c\x6a\0\x7e\xfd\x01\0\0\
\0\x0b\x9a\x03\0\0\x1d\x6e\x18\x03\xcf\x18\x1e\x68\x36\0\0\0\x03\xd0\x18\0\x1e\
\x69\x36\0\0\0\x03\xd1\x18\x04\x1e\x6a\x36\0\0\0\x03\xd2\x18\x08\x1e\x6b\x36\0\
\0\0\x03\xd4\x18\x0c\x1e\x6c\x36\0\0\0\x03\xd5\x18\x10\x1e\x6d\x36\0\0\0\x03\
\xd7\x18\x14\0\x0b\xe2\x03\0\0\x0b\xe7\x03\0\0\x0d\x74\x0e\x05\xad\x0a\x70\x08\
\x04\0\0\x05\xae\0\x0a\x71\x08\x04\0\0\x05\xaf\x06\x0a\x72\x14\x04\0\0\x05\xb0\
\x0c\0\x06\x82\x01\0\0\x07\x80\0\0\0\x06\0\x03\x6e\x01\0\0\x73\x06\x20\x0b\x21\
\x04\0\0\x0b\x26\x04\0\0\x0d\x83\x14\x07\x57\x1f\x76\x7a\x01\0\0\x07\x59\x04\0\
\x1f\x77\x7a\x01\0\0\x07\x5a\x04\x04\x0a\x78\x7a\x01\0\0\x07\x61\x01\x0a\x79\
\x14\x04\0\0\x07\x62\x02\x0a\x7a\x14\x04\0\0\x07\x63\x04\x0a\x7b\x14\x04\0\0\
\x07\x64\x06\x0a\x7c\x7a\x01\0\0\x07\x65\x08\x0a\x1a\x7a\x01\0\0\x07\x66\x09\
\x0a\x7d\xcb\x04\0\0\x07\x67\x0a\x20\x86\x04\0\0\x07\x68\x0c\x21\x08\x07\x68\
\x20\x92\x04\0\0\x07\x68\0\x09\x08\x07\x68\x0a\x7f\xd3\x04\0\0\x07\x68\0\x0a\
\x81\xd3\x04\0\0\x07\x68\x04\0\x0a\x82\xb2\x04\0\0\x07\x68\0\x09\x08\x07\x68\
\x0a\x7f\xd3\x04\0\0\x07\x68\0\x0a\x81\xd3\x04\0\0\x07\x68\x04\0\0\0\x03\x6e\
\x01\0\0\x7e\x06\x26\x03\x36\0\0\0\x80\x06\x22\x0b\xe0\x04\0\0\x0b\xe5\x04\0\0\
\x0d\x88\x08\x08\x17\x0a\x85\x14\x04\0\0\x08\x18\0\x0a\x86\x14\x04\0\0\x08\x19\
\x02\x0a\x87\x14\x04\0\0\x08\x1a\x04\x0a\x7d\xcb\x04\0\0\x08\x1b\x06\0\x1a\x8d\
\0\xb5\xc9\0\0\0\x1b\x67\0\xb5\x95\x03\0\0\x1b\x89\0\xb5\xe2\x03\0\0\x1b\x8a\0\
\xb6\x21\x04\0\0\x1b\x8c\0\xb7\xe0\x04\0\0\x1c\x6a\0\xba\xfd\x01\0\0\x1c\x69\0\
\xb9\xfd\x01\0\0\x1c\x8e\0\xc9\x8e\x07\0\0\x1c\x8f\0\xc8\x8e\x07\0\0\x1c\x90\0\
\xd0\x70\0\0\0\x1c\x91\0\xde\xfd\x01\0\0\x1c\x92\0\xe9\xfd\x01\0\0\x1c\x93\0\
\xe3\xfd\x01\0\0\x1c\x94\0\xe8\xc9\0\0\0\x1c\x95\0\xee\xfd\x01\0\0\x1c\x96\0\
\xed\x93\x07\0\0\x1c\x97\0\xe2\xc9\0\0\0\x1c\x98\0\xdd\xc9\0\0\0\x1c\x99\0\xe5\
\xc9\0\0\0\x1c\x9a\0\xeb\xc9\0\0\0\x1c\x9b\0\xe0\xc9\0\0\0\x22\x9c\0\x0e\x01\
\xfd\x01\0\0\x22\x9d\0\x07\x01\xfd\x01\0\0\x22\x9e\0\0\x01\xfd\x01\0\0\x1c\x9f\
\0\xfa\xfd\x01\0\0\x1c\xa0\0\xf4\xfd\x01\0\0\x1c\xa1\0\xf1\x93\x07\0\0\x1c\x68\
\0\xb8\xfd\x01\0\0\x1c\xa2\0\xc6\xfd\x01\0\0\x1c\xa3\0\xf3\x9b\x07\0\0\x1c\xa4\
\0\xf7\x9b\x07\0\0\x1c\x87\0\xf9\xc9\0\0\0\x1c\xa5\0\xfd\xc9\0\0\0\x1c\xa6\0\
\xff\xc9\0\0\0\x22\xa7\0\x04\x01\xc9\0\0\0\x22\xa8\0\x06\x01\xa3\x07\0\0\x22\
\xaa\0\x0b\x01\xa3\x07\0\0\x22\xab\0\x0d\x01\xa3\x07\0\0\x22\xac\0\x13\x01\xa3\
\x07\0\0\x23\x1c\xad\0\xd2\xc9\0\0\0\0\x23\x22\xae\0\x28\x01\xc9\0\0\0\x22\xaf\
\0\x1e\x01\xc9\0\0\0\x22\xb0\0\x29\x01\xa7\x07\0\0\x23\x22\xb1\0\x3b\x01\x8b\
\x01\0\0\x22\xb2\0\x2b\x01\xc9\0\0\0\x22\xb3\0\x3e\x01\x2e\x01\0\0\x22\xb4\0\
\x35\x01\xc9\0\0\0\x23\x22\xb5\0\x48\x01\xc9\0\0\0\x22\xb6\0\x49\x01\xc9\0\0\0\
\0\0\0\x23\x22\xae\0\xa8\x01\xc9\0\0\0\x22\xaf\0\xa5\x01\xc9\0\0\0\x22\xb0\0\
\xa9\x01\xa7\x07\0\0\x23\x22\xb1\0\xb2\x01\x8b\x01\0\0\x22\xb2\0\xab\x01\xc9\0\
\0\0\x22\xb4\0\xac\x01\xc9\0\0\0\x22\xb3\0\xb5\x01\x2e\x01\0\0\x23\x22\xb7\0\
\xb8\x01\xac\x07\0\0\x22\xb5\0\xbf\x01\xc9\0\0\0\x22\xb6\0\xc0\x01\xc9\0\0\0\
\x22\xb8\0\xb9\x01\xac\x07\0\0\0\0\0\x23\x22\xb9\0\x67\x01\xb8\x07\0\0\0\x23\
\x22\xae\0\x6f\x01\xc9\0\0\0\x22\xaf\0\x6c\x01\xc9\0\0\0\x22\xb0\0\x70\x01\xa7\
\x07\0\0\x23\x22\xb1\0\x78\x01\x8b\x01\0\0\x22\xb2\0\x72\x01\xc9\0\0\0\x22\xb4\
\0\x73\x01\xc9\0\0\0\x22\xb3\0\x7b\x01\x2e\x01\0\0\x23\x22\xb7\0\x7e\x01\xac\
\x07\0\0\x22\xb5\0\x85\x01\xc9\0\0\0\x22\xb6\0\x86\x01\xc9\0\0\0\x22\xb8\0\x7f\
\x01\xac\x07\0\0\0\0\0\0\x14\xc9\0\0\0\x03\xc5\x02\0\0\x52\0\x41\x03\xea\x02\0\
\0\x65\0\x35\x04\xa9\x07\x08\x0b\xc9\0\0\0\x06\x7a\x01\0\0\x07\x80\0\0\0\x06\0\
\x06\x7c\0\0\0\x07\x80\0\0\0\x13\0\x24\xba\0\xe1\x01\xc9\0\0\0\x25\x67\0\xe1\
\x01\x95\x03\0\0\x25\x89\0\xe2\x01\xe2\x03\0\0\x25\x8a\0\xe3\x01\x21\x04\0\0\
\x25\x8c\0\xe4\x01\xe0\x04\0\0\x22\xae\0\x42\x02\xc9\0\0\0\x22\x8e\0\xf6\x01\
\x8e\x07\0\0\x22\x8f\0\xf5\x01\x8e\x07\0\0\x22\x90\0\xfd\x01\x70\0\0\0\x22\x91\
\0\x0b\x02\xfd\x01\0\0\x22\x93\0\x10\x02\xfd\x01\0\0\x22\x92\0\x16\x02\xfd\x01\
\0\0\x22\x95\0\x1b\x02\xfd\x01\0\0\x22\xa1\0\x1e\x02\x93\x07\0\0\x22\xb0\0\x43\
\x02\xa7\x07\0\0\x22\x68\0\xe5\x01\xfd\x01\0\0\x22\x69\0\xe6\x01\xfd\x01\0\0\
\x22\x6a\0\xe7\x01\xfd\x01\0\0\x22\xa2\0\xf3\x01\xfd\x01\0\0\x22\x98\0\x0a\x02\
\xc9\0\0\0\x22\x9b\0\x0d\x02\xc9\0\0\0\x22\x97\0\x0f\x02\xc9\0\0\0\x22\x99\0\
\x12\x02\xc9\0\0\0\x22\x94\0\x15\x02\xc9\0\0\0\x22\x9a\0\x18\x02\xc9\0\0\0\x22\
\x96\0\x1a\x02\x93\x07\0\0\x22\xa3\0\x20\x02\x9b\x07\0\0\x22\xa0\0\x21\x02\xfd\
\x01\0\0\x22\xa4\0\x24\x02\x9b\x07\0\0\x22\x87\0\x26\x02\xc9\0\0\0\x22\x9f\0\
\x27\x02\xfd\x01\0\0\x22\xa5\0\x2a\x02\xc9\0\0\0\x22\xa6\0\x2c\x02\xc9\0\0\0\
\x22\x9e\0\x2d\x02\xfd\x01\0\0\x22\xa7\0\x31\x02\xc9\0\0\0\x22\xa8\0\x33\x02\
\xa3\x07\0\0\x22\x9d\0\x34\x02\xfd\x01\0\0\x22\xaa\0\x38\x02\xa3\x07\0\0\x22\
\xab\0\x3a\x02\xa3\x07\0\0\x22\x9c\0\x3b\x02\xfd\x01\0\0\x22\xac\0\x40\x02\xa3\
\x07\0\0\x22\xb2\0\x46\x02\xc9\0\0\0\x23\x22\xad\0\xff\x01\xc9\0\0\0\0\x23\x22\
\xb9\0\x54\x02\x55\x09\0\0\0\0\x06\x7c\0\0\0\x07\x80\0\0\0\x16\0\x1a\xbb\0\x65\
\x6e\x01\0\0\x1b\xbc\0\x65\x21\x04\0\0\x1c\xbd\0\x66\x36\0\0\0\x1c\x68\0\x67\
\x2f\x03\0\0\x23\x1c\xad\0\x6b\xc9\0\0\0\0\0\x26\x07\x28\x19\0\0\x01\x5a\xbe\0\
\x7d\x02\xc9\0\0\0\x27\0\x67\0\x7d\x02\x95\x03\0\0\x28\x06\x8a\0\x83\x02\x21\
\x04\0\0\x28\x07\xbf\0\x88\x02\xc9\0\0\0\x28\x08\x89\0\x82\x02\xe2\x03\0\0\x22\
\x68\0\x7e\x02\xfd\x01\0\0\x22\x69\0\x7f\x02\xfd\x01\0\0\x22\x6a\0\x80\x02\xfd\
\x01\0\0\x22\x8c\0\x84\x02\xe0\x04\0\0\x29\x34\x03\0\0\x07\xd0\0\0\0\0\x88\x02\
\x0d\x2a\x01\x51\x3c\x03\0\0\x2b\x01\x5c\x03\0\0\x2b\x02\x64\x03\0\0\x2b\x03\
\x6c\x03\0\0\x2b\x04\x74\x03\0\0\x2b\x05\x7c\x03\0\0\0\x2c\x0f\x05\0\0\0\0\x91\
\x02\x0e\x2d\x18\x1f\x05\0\0\x2d\x12\x27\x05\0\0\x2d\x13\x2f\x05\0\0\x2b\x14\
\x37\x05\0\0\x2b\x15\x3f\x05\0\0\x2b\x16\x47\x05\0\0\x2b\x17\x4f\x05\0\0\x2b\
\x19\x57\x05\0\0\x2b\x1b\x5f\x05\0\0\x2b\x1c\x67\x05\0\0\x2b\x1d\x6f\x05\0\0\
\x2b\x1e\x77\x05\0\0\x2b\x1f\x7f\x05\0\0\x2b\x20\x87\x05\0\0\x2b\x21\x8f\x05\0\
\0\x2b\x22\x97\x05\0\0\x2b\x23\x9f\x05\0\0\x2b\x24\xa7\x05\0\0\x2b\x25\xaf\x05\
\0\0\x2b\x26\xb7\x05\0\0\x2b\x27\xc0\x05\0\0\x2b\x28\xc9\x05\0\0\x2b\x29\xd2\
\x05\0\0\x2b\x2a\xda\x05\0\0\x2b\x2b\xe2\x05\0\0\x2e\x08\x08\0\0\0\x2b\x1a\x50\
\x06\0\0\0\x2f\x01\x2b\x09\x5a\x06\0\0\x2b\x2c\x63\x06\0\0\x2b\x2d\x6c\x06\0\0\
\x2f\x02\x2b\x0a\x76\x06\0\0\x2b\x2e\x7f\x06\0\0\x2b\x2f\x88\x06\0\0\x2e\x09\
\x30\x03\0\0\x2b\x4c\x9b\x06\0\0\x2b\x4d\xa4\x06\0\0\x2c\x61\x09\0\0\x03\0\x53\
\x01\x1a\x2b\x4e\x71\x09\0\0\x2f\x04\x2b\x4f\x82\x09\0\0\0\0\0\0\0\x2f\x05\x2b\
\x0f\xb1\x06\0\0\x2b\x3e\xba\x06\0\0\x2b\x3f\xc3\x06\0\0\x2f\x06\x2b\x10\xcd\
\x06\0\0\x2b\x40\xd6\x06\0\0\x2b\x41\xdf\x06\0\0\x2b\x42\xe8\x06\0\0\x2e\x0a\
\x58\x04\0\0\x2b\x11\xf2\x06\0\0\x2b\x48\xfb\x06\0\0\x2b\x49\x04\x07\0\0\x2c\
\x61\x09\0\0\x07\0\xcb\x01\x1a\x2b\x4a\x71\x09\0\0\x2f\x08\x2b\x4b\x82\x09\0\0\
\0\0\0\0\0\x2e\x0b\x68\0\0\0\x2b\x0b\x1a\x07\0\0\0\x2f\x09\x2b\x0c\x25\x07\0\0\
\x2b\x43\x2e\x07\0\0\x2b\x44\x37\x07\0\0\x2f\x0a\x2b\x0d\x41\x07\0\0\x2b\x45\
\x4a\x07\0\0\x2b\x46\x53\x07\0\0\x2b\x47\x5c\x07\0\0\x2e\x0c\x58\x04\0\0\x2b\
\x0e\x66\x07\0\0\x2b\x50\x6f\x07\0\0\x2b\x51\x78\x07\0\0\x2c\x61\x09\0\0\x0b\0\
\x91\x01\x1a\x2b\x52\x71\x09\0\0\x2f\x0c\x2b\x53\x82\x09\0\0\0\0\0\0\0\0\x2c\
\xc4\x07\0\0\x0d\0\x96\x02\x0e\x2d\x32\xdf\x07\0\0\x2d\x33\xe8\x07\0\0\x2b\x30\
\xf1\x07\0\0\x2b\x34\xfa\x07\0\0\x2b\x35\x03\x08\0\0\x2b\x36\x0c\x08\0\0\x2b\
\x38\x15\x08\0\0\x2b\x39\x1e\x08\0\0\x2b\x3a\x27\x08\0\0\x2b\x3b\x30\x08\0\0\
\x2b\x3c\x39\x08\0\0\x2b\x3d\x42\x08\0\0\x2e\x0d\x08\0\0\0\x2b\x37\x3f\x09\0\0\
\0\x2e\x0e\x60\0\0\0\x2b\x31\x4a\x09\0\0\0\0\0\0\x20\x01\0\0\x05\0\x08\0\x0e\0\
\0\0\x38\0\0\0\x48\0\0\0\x58\0\0\0\x63\0\0\0\x78\0\0\0\x8d\0\0\0\x98\0\0\0\xa3\
\0\0\0\xb8\0\0\0\xcd\0\0\0\xd8\0\0\0\xe3\0\0\0\xf8\0\0\0\x0d\x01\0\0\x04\x88\
\x02\xf0\x09\x04\x98\x10\x98\x14\x04\xd8\x16\xa8\x32\0\x04\xa8\x06\xf8\x06\x04\
\x80\x07\xf0\x09\x04\xd0\x22\x80\x29\0\x04\xf0\x07\xf0\x09\x04\xd0\x22\x80\x29\
\0\x04\xf0\x24\x98\x25\x04\xe8\x25\xc8\x26\x04\xd0\x26\xe8\x26\x04\xc0\x27\xd8\
\x28\0\x04\xf0\x24\x98\x25\x04\xe8\x25\xc8\x26\x04\xd0\x26\xe8\x26\x04\xc0\x27\
\x90\x28\0\x04\xc0\x10\x98\x13\x04\xf0\x19\xc8\x22\0\x04\x98\x12\x98\x13\x04\
\xf0\x19\xc8\x22\0\x04\xe0\x1e\x88\x1f\x04\xd8\x1f\xb8\x20\x04\xc0\x20\xd8\x20\
\x04\xb0\x21\xc8\x22\0\x04\xe0\x1e\x88\x1f\x04\xd8\x1f\xb8\x20\x04\xc0\x20\xd8\
\x20\x04\xb0\x21\x80\x22\0\x04\x80\x17\xe8\x19\x04\x80\x29\xd8\x31\0\x04\xd0\
\x18\xe8\x19\x04\x80\x29\xd8\x31\0\x04\xf0\x2d\x98\x2e\x04\xe8\x2e\xc8\x2f\x04\
\xd0\x2f\xe8\x2f\x04\xc0\x30\xd8\x31\0\x04\xf0\x2d\x98\x2e\x04\xe8\x2e\xc8\x2f\
\x04\xd0\x2f\xe8\x2f\x04\xc0\x30\x90\x31\0\x04\xb0\x0a\x80\x10\x04\xa0\x14\xc0\
\x16\0\x04\x03\0\0\x05\0\0\0\0\0\0\0\x27\0\0\0\x33\0\0\0\x61\0\0\0\x6c\0\0\0\
\x79\0\0\0\x7f\0\0\0\x88\0\0\0\x93\0\0\0\xa6\0\0\0\xac\0\0\0\xb4\0\0\0\xb9\0\0\
\0\xcd\0\0\0\xd9\0\0\0\xde\0\0\0\xe2\0\0\0\xee\0\0\0\xf2\0\0\0\xf8\0\0\0\x08\
\x01\0\0\x0f\x01\0\0\x16\x01\0\0\x1f\x01\0\0\x2e\x01\0\0\x34\x01\0\0\x3d\x01\0\
\0\x46\x01\0\0\x54\x01\0\0\x59\x01\0\0\x63\x01\0\0\x6d\x01\0\0\x77\x01\0\0\x85\
\x01\0\0\x95\x01\0\0\xa9\x01\0\0\xba\x01\0\0\xbf\x01\0\0\xd0\x01\0\0\xdc\x01\0\
\0\xe5\x01\0\0\xee\x01\0\0\xf5\x01\0\0\x02\x02\0\0\x0d\x02\0\0\x18\x02\0\0\x25\
\x02\0\0\x32\x02\0\0\x3f\x02\0\0\x4b\x02\0\0\x57\x02\0\0\x63\x02\0\0\x6f\x02\0\
\0\x7b\x02\0\0\x86\x02\0\0\x93\x02\0\0\xa0\x02\0\0\xad\x02\0\0\xb9\x02\0\0\xc5\
\x02\0\0\xd0\x02\0\0\xdc\x02\0\0\xeb\x02\0\0\xf9\x02\0\0\x05\x03\0\0\x12\x03\0\
\0\x1f\x03\0\0\x2c\x03\0\0\x3c\x03\0\0\x49\x03\0\0\x5a\x03\0\0\x66\x03\0\0\x74\
\x03\0\0\x80\x03\0\0\x89\x03\0\0\x93\x03\0\0\xa4\x03\0\0\xb3\x03\0\0\xbe\x03\0\
\0\xca\x03\0\0\xd5\x03\0\0\xe2\x03\0\0\xee\x03\0\0\xfd\x03\0\0\x05\x04\0\0\x0e\
\x04\0\0\x17\x04\0\0\x27\x04\0\0\x39\x04\0\0\x43\x04\0\0\x56\x04\0\0\x5e\x04\0\
\0\x6b\x04\0\0\x74\x04\0\0\x86\x04\0\0\x94\x04\0\0\xab\x04\0\0\xb5\x04\0\0\xc0\
\x04\0\0\xd0\x04\0\0\xdb\x04\0\0\xe5\x04\0\0\xf2\x04\0\0\x02\x05\0\0\x06\x05\0\
\0\x0b\x05\0\0\x14\x05\0\0\x1e\x05\0\0\x2e\x05\0\0\x3d\x05\0\0\x4c\x05\0\0\x53\
\x05\0\0\x5b\x05\0\0\x62\x05\0\0\x6b\x05\0\0\x73\x05\0\0\x7a\x05\0\0\x81\x05\0\
\0\x89\x05\0\0\x8d\x05\0\0\x95\x05\0\0\x99\x05\0\0\xa1\x05\0\0\xa4\x05\0\0\xad\
\x05\0\0\xb1\x05\0\0\xb7\x05\0\0\xbf\x05\0\0\xc5\x05\0\0\xcc\x05\0\0\xd2\x05\0\
\0\xd8\x05\0\0\xde\x05\0\0\xe7\x05\0\0\xee\x05\0\0\xf3\x05\0\0\xf7\x05\0\0\xfe\
\x05\0\0\x02\x06\0\0\x06\x06\0\0\x11\x06\0\0\x16\x06\0\0\x23\x06\0\0\x2a\x06\0\
\0\x33\x06\0\0\x3e\x06\0\0\x4b\x06\0\0\x57\x06\0\0\x63\x06\0\0\x67\x06\0\0\x76\
\x06\0\0\x7d\x06\0\0\x81\x06\0\0\x86\x06\0\0\x8f\x06\0\0\x98\x06\0\0\xa2\x06\0\
\0\xb0\x06\0\0\xbc\x06\0\0\xc8\x06\0\0\xd4\x06\0\0\xe5\x06\0\0\xf1\x06\0\0\xf9\
\x06\0\0\x02\x07\0\0\x10\x07\0\0\x19\x07\0\0\x1d\x07\0\0\x26\x07\0\0\x2a\x07\0\
\0\x38\x07\0\0\x41\x07\0\0\x47\x07\0\0\x52\x07\0\0\x54\x07\0\0\x64\x07\0\0\x6e\
\x07\0\0\x77\x07\0\0\x82\x07\0\0\x87\x07\0\0\x98\x07\0\0\x9d\x07\0\0\xa5\x07\0\
\0\xae\x07\0\0\xb6\x07\0\0\xbe\x07\0\0\xc6\x07\0\0\xd6\x07\0\0\xe6\x07\0\0\xe9\
\x07\0\0\xed\x07\0\0\xf3\x07\0\0\x55\x62\x75\x6e\x74\x75\x20\x63\x6c\x61\x6e\
\x67\x20\x76\x65\x72\x73\x69\x6f\x6e\x20\x31\x38\x2e\x31\x2e\x33\x20\x28\x31\
\x75\x62\x75\x6e\x74\x75\x31\x29\0\x6b\x66\x75\x6e\x63\x2e\x62\x70\x66\x2e\x63\
\0\x2f\x6d\x6e\x74\x2f\x73\x68\x61\x72\x65\x64\x5f\x70\x32\x70\x2f\x58\x44\x50\
\x5f\x43\x4c\x4f\x4e\x45\x2f\x58\x44\x50\x2d\x4d\x50\x49\x2d\x43\x6f\x6c\x6c\
\x65\x63\x74\x69\x76\x65\x73\0\x63\x6f\x75\x6e\x74\x5f\x70\x61\x73\x73\0\x75\
\x6e\x73\x69\x67\x6e\x65\x64\x20\x69\x6e\x74\0\x5f\x5f\x75\x33\x32\0\x63\x6f\
\x75\x6e\x74\x5f\x74\x78\0\x73\x74\x61\x72\x74\x5f\x74\x69\x6d\x65\0\x75\x6e\
\x73\x69\x67\x6e\x65\x64\x20\x6c\x6f\x6e\x67\x20\x6c\x6f\x6e\x67\0\x5f\x5f\x75\
\x36\x34\0\x4c\x49\x43\x45\x4e\x53\x45\0\x63\x68\x61\x72\0\x5f\x5f\x41\x52\x52\
\x41\x59\x5f\x53\x49\x5a\x45\x5f\x54\x59\x50\x45\x5f\x5f\0\x6e\x75\x6d\x5f\x70\
\x72\x6f\x63\x65\x73\x73\0\x74\x79\x70\x65\0\x69\x6e\x74\0\x6d\x61\x78\x5f\x65\
\x6e\x74\x72\x69\x65\x73\0\x6b\x65\x79\0\x76\x61\x6c\x75\x65\0\x61\x64\x64\x72\
\x65\x73\x73\x5f\x74\x6f\x5f\x70\x72\x6f\x63\0\x73\x72\x63\x5f\x69\x70\0\x64\
\x73\x74\x5f\x69\x70\0\x73\x72\x63\x5f\x70\x6f\x72\x74\0\x75\x6e\x73\x69\x67\
\x6e\x65\x64\x20\x73\x68\x6f\x72\x74\0\x5f\x5f\x75\x31\x36\0\x64\x73\x74\x5f\
\x70\x6f\x72\x74\0\x70\x72\x6f\x74\x6f\x63\x6f\x6c\0\x75\x6e\x73\x69\x67\x6e\
\x65\x64\x20\x63\x68\x61\x72\0\x5f\x5f\x75\x38\0\x73\x6f\x63\x6b\x65\x74\x5f\
\x69\x64\0\x73\x72\x63\x5f\x70\x72\x6f\x63\x63\0\x64\x73\x74\x5f\x70\x72\x6f\
\x63\x63\0\x74\x75\x70\x6c\x65\x5f\x70\x72\x6f\x63\x65\x73\x73\0\x70\x72\x6f\
\x63\x5f\x74\x6f\x5f\x61\x64\x64\x72\x65\x73\x73\0\x62\x70\x66\x5f\x6d\x61\x70\
\x5f\x6c\x6f\x6f\x6b\x75\x70\x5f\x65\x6c\x65\x6d\0\x62\x70\x66\x5f\x74\x72\x61\
\x63\x65\x5f\x70\x72\x69\x6e\x74\x6b\0\x6c\x6f\x6e\x67\0\x62\x70\x66\x5f\x6b\
\x74\x69\x6d\x65\x5f\x67\x65\x74\x5f\x6e\x73\0\x58\x44\x50\x5f\x41\x42\x4f\x52\
\x54\x45\x44\0\x58\x44\x50\x5f\x44\x52\x4f\x50\0\x58\x44\x50\x5f\x50\x41\x53\
\x53\0\x58\x44\x50\x5f\x54\x58\0\x58\x44\x50\x5f\x52\x45\x44\x49\x52\x45\x43\
\x54\0\x78\x64\x70\x5f\x61\x63\x74\x69\x6f\x6e\0\x49\x50\x50\x52\x4f\x54\x4f\
\x5f\x49\x50\0\x49\x50\x50\x52\x4f\x54\x4f\x5f\x49\x43\x4d\x50\0\x49\x50\x50\
\x52\x4f\x54\x4f\x5f\x49\x47\x4d\x50\0\x49\x50\x50\x52\x4f\x54\x4f\x5f\x49\x50\
\x49\x50\0\x49\x50\x50\x52\x4f\x54\x4f\x5f\x54\x43\x50\0\x49\x50\x50\x52\x4f\
\x54\x4f\x5f\x45\x47\x50\0\x49\x50\x50\x52\x4f\x54\x4f\x5f\x50\x55\x50\0\x49\
\x50\x50\x52\x4f\x54\x4f\x5f\x55\x44\x50\0\x49\x50\x50\x52\x4f\x54\x4f\x5f\x49\
\x44\x50\0\x49\x50\x50\x52\x4f\x54\x4f\x5f\x54\x50\0\x49\x50\x50\x52\x4f\x54\
\x4f\x5f\x44\x43\x43\x50\0\x49\x50\x50\x52\x4f\x54\x4f\x5f\x49\x50\x56\x36\0\
\x49\x50\x50\x52\x4f\x54\x4f\x5f\x52\x53\x56\x50\0\x49\x50\x50\x52\x4f\x54\x4f\
\x5f\x47\x52\x45\0\x49\x50\x50\x52\x4f\x54\x4f\x5f\x45\x53\x50\0\x49\x50\x50\
\x52\x4f\x54\x4f\x5f\x41\x48\0\x49\x50\x50\x52\x4f\x54\x4f\x5f\x4d\x54\x50\0\
\x49\x50\x50\x52\x4f\x54\x4f\x5f\x42\x45\x45\x54\x50\x48\0\x49\x50\x50\x52\x4f\
\x54\x4f\x5f\x45\x4e\x43\x41\x50\0\x49\x50\x50\x52\x4f\x54\x4f\x5f\x50\x49\x4d\
\0\x49\x50\x50\x52\x4f\x54\x4f\x5f\x43\x4f\x4d\x50\0\x49\x50\x50\x52\x4f\x54\
\x4f\x5f\x4c\x32\x54\x50\0\x49\x50\x50\x52\x4f\x54\x4f\x5f\x53\x43\x54\x50\0\
\x49\x50\x50\x52\x4f\x54\x4f\x5f\x55\x44\x50\x4c\x49\x54\x45\0\x49\x50\x50\x52\
\x4f\x54\x4f\x5f\x4d\x50\x4c\x53\0\x49\x50\x50\x52\x4f\x54\x4f\x5f\x45\x54\x48\
\x45\x52\x4e\x45\x54\0\x49\x50\x50\x52\x4f\x54\x4f\x5f\x52\x41\x57\0\x49\x50\
\x50\x52\x4f\x54\x4f\x5f\x4d\x50\x54\x43\x50\0\x49\x50\x50\x52\x4f\x54\x4f\x5f\
\x4d\x41\x58\0\x4d\x50\x49\x5f\x53\x45\x4e\x44\0\x4d\x50\x49\x5f\x42\x43\x41\
\x53\x54\0\x4d\x50\x49\x5f\x42\x43\x41\x53\x54\x5f\x4c\x49\x4e\x45\x41\x52\0\
\x4d\x50\x49\x5f\x42\x43\x41\x53\x54\x5f\x52\x49\x4e\x47\0\x4d\x50\x49\x5f\x52\
\x45\x44\x55\x43\x45\0\x4d\x50\x49\x5f\x53\x48\x41\x54\x54\x45\x52\0\x4d\x50\
\x49\x5f\x47\x41\x54\x48\x45\x52\0\x4d\x50\x49\x5f\x53\x48\x41\x54\x54\x45\x52\
\x56\0\x4d\x50\x49\x5f\x47\x41\x54\x48\x45\x52\x56\0\x4d\x50\x49\x5f\x43\x6f\
\x6c\x6c\x65\x63\x74\x69\x76\x65\0\x4d\x50\x49\x5f\x41\x43\x4b\0\x4d\x50\x49\
\x5f\x4e\x41\x43\x4b\0\x4d\x50\x49\x5f\x43\x48\x41\x52\0\x4d\x50\x49\x5f\x53\
\x49\x47\x4e\x45\x44\x5f\x43\x48\x41\x52\0\x4d\x50\x49\x5f\x55\x4e\x53\x49\x47\
\x4e\x45\x44\x5f\x43\x48\x41\x52\0\x4d\x50\x49\x5f\x53\x48\x4f\x52\x54\0\x4d\
\x50\x49\x5f\x55\x4e\x53\x49\x47\x4e\x45\x44\x5f\x53\x48\x4f\x52\x54\0\x4d\x50\
\x49\x5f\x49\x4e\x54\0\x4d\x50\x49\x5f\x55\x4e\x53\x49\x47\x4e\x45\x44\0\x4d\
\x50\x49\x5f\x4c\x4f\x4e\x47\0\x4d\x50\x49\x5f\x55\x4e\x53\x49\x47\x4e\x45\x44\
\x5f\x4c\x4f\x4e\x47\0\x4d\x50\x49\x5f\x4c\x4f\x4e\x47\x5f\x4c\x4f\x4e\x47\0\
\x4d\x50\x49\x5f\x55\x4e\x53\x49\x47\x4e\x45\x44\x5f\x4c\x4f\x4e\x47\x5f\x4c\
\x4f\x4e\x47\0\x4d\x50\x49\x5f\x46\x4c\x4f\x41\x54\0\x4d\x50\x49\x5f\x44\x4f\
\x55\x42\x4c\x45\0\x4d\x50\x49\x5f\x4c\x4f\x4e\x47\x5f\x44\x4f\x55\x42\x4c\x45\
\0\x4d\x50\x49\x5f\x43\x5f\x42\x4f\x4f\x4c\0\x4d\x50\x49\x5f\x57\x43\x48\x41\
\x52\0\x4d\x50\x49\x5f\x44\x61\x74\x61\x74\x79\x70\x65\0\x70\x61\x72\x73\x65\
\x5f\x69\x70\x5f\x70\x61\x63\x6b\x65\x74\0\x63\x74\x78\0\x64\x61\x74\x61\0\x64\
\x61\x74\x61\x5f\x65\x6e\x64\0\x64\x61\x74\x61\x5f\x6d\x65\x74\x61\0\x69\x6e\
\x67\x72\x65\x73\x73\x5f\x69\x66\x69\x6e\x64\x65\x78\0\x72\x78\x5f\x71\x75\x65\
\x75\x65\x5f\x69\x6e\x64\x65\x78\0\x65\x67\x72\x65\x73\x73\x5f\x69\x66\x69\x6e\
\x64\x65\x78\0\x78\x64\x70\x5f\x6d\x64\0\x6f\x75\x74\x5f\x65\x74\x68\0\x68\x5f\
\x64\x65\x73\x74\0\x68\x5f\x73\x6f\x75\x72\x63\x65\0\x68\x5f\x70\x72\x6f\x74\
\x6f\0\x5f\x5f\x62\x65\x31\x36\0\x65\x74\x68\x68\x64\x72\0\x6f\x75\x74\x5f\x69\
\x70\x68\0\x69\x68\x6c\0\x76\x65\x72\x73\x69\x6f\x6e\0\x74\x6f\x73\0\x74\x6f\
\x74\x5f\x6c\x65\x6e\0\x69\x64\0\x66\x72\x61\x67\x5f\x6f\x66\x66\0\x74\x74\x6c\
\0\x63\x68\x65\x63\x6b\0\x5f\x5f\x73\x75\x6d\x31\x36\0\x73\x61\x64\x64\x72\0\
\x5f\x5f\x62\x65\x33\x32\0\x64\x61\x64\x64\x72\0\x61\x64\x64\x72\x73\0\x69\x70\
\x68\x64\x72\0\x6f\x75\x74\x5f\x75\x64\x70\x68\0\x73\x6f\x75\x72\x63\x65\0\x64\
\x65\x73\x74\0\x6c\x65\x6e\0\x75\x64\x70\x68\x64\x72\0\x65\x74\x68\0\x69\x70\
\x68\0\x69\x70\x5f\x68\x64\x72\x5f\x6c\x65\x6e\0\x75\x64\x70\x68\0\x68\x61\x6e\
\x64\x6c\x65\x5f\x63\x6c\x6f\x6e\x65\0\x6e\x65\x65\x64\x65\x64\0\x6e\x75\x6d\
\x5f\x63\x68\x61\x72\0\x6d\x70\x69\x5f\x68\x65\x61\x64\x65\x72\0\x72\x6f\x6f\
\x74\x5f\x70\x61\x79\x6c\x6f\x61\x64\0\x64\x73\x74\x5f\x70\x61\x79\x6c\x6f\x61\
\x64\0\x73\x72\x63\x5f\x70\x61\x79\x6c\x6f\x61\x64\0\x64\x73\x74\0\x6f\x70\x63\
\x6f\x64\x65\x5f\x70\x61\x79\x6c\x6f\x61\x64\0\x6f\x70\x63\x6f\x64\x65\0\x73\
\x72\x63\0\x72\x6f\x6f\x74\0\x73\x72\x63\x5f\x68\x6f\x73\x74\0\x64\x73\x74\x5f\
\x68\x6f\x73\x74\0\x72\x6f\x6f\x74\x5f\x68\x6f\x73\x74\0\x63\x6c\x6f\x63\x6b\
\x5f\x70\x61\x79\x6c\x6f\x61\x64\0\x73\x65\x71\x5f\x70\x61\x79\x6c\x6f\x61\x64\
\0\x74\x61\x67\x5f\x70\x61\x79\x6c\x6f\x61\x64\0\x6c\x65\x6e\x5f\x70\x61\x79\
\x6c\x6f\x61\x64\0\x64\x61\x74\x61\x74\x79\x70\x65\x5f\x70\x61\x79\x6c\x6f\x61\
\x64\0\x6f\x70\x63\x6f\x64\x65\x5f\x68\x6f\x73\x74\0\x70\x61\x79\x6c\x6f\x61\
\x64\0\x64\x61\x74\x61\x74\x79\x70\x65\0\x64\x61\x74\x61\x74\x79\x70\x65\x5f\
\x68\x6f\x73\x74\0\x6c\x65\x6e\x5f\x68\x6f\x73\x74\0\x74\x61\x67\0\x74\x61\x67\
\x5f\x68\x6f\x73\x74\0\x73\x65\x71\0\x75\x6e\x73\x69\x67\x6e\x65\x64\x20\x6c\
\x6f\x6e\x67\0\x73\x65\x71\x5f\x68\x6f\x73\x74\0\x63\x6c\x6f\x63\x6b\0\x63\x6c\
\x6f\x63\x6b\x5f\x68\x6f\x73\x74\0\x69\0\x6b\x65\x79\x5f\x6e\x75\x6d\x5f\x70\
\x72\x6f\x63\x65\x73\x73\0\x69\x74\x65\x72\x5f\x63\x6f\x70\x79\0\x73\x69\x7a\
\x65\x5f\x70\x74\x72\0\x69\x6e\x74\x65\x72\x5f\x64\x65\x73\x74\0\x73\x69\x7a\
\x65\0\x69\x6e\x66\x6f\x5f\x66\x6f\x72\x77\x61\x64\x5f\x6e\x65\x78\x74\0\x6e\
\x65\x78\x74\0\x64\x73\x74\x5f\x6e\x65\x74\0\x6e\x65\x78\x74\x5f\x6e\x65\x74\0\
\x73\x72\x63\x5f\x6d\x61\x63\0\x64\x73\x74\x5f\x6d\x61\x63\0\x5f\x5f\x5f\x5f\
\x66\x6d\x74\0\x68\x61\x6e\x64\x6c\x65\x5f\x6f\x72\x69\x67\x69\x6e\x61\x6c\0\
\x69\x70\x5f\x63\x68\x65\x63\x6b\x73\x75\x6d\x5f\x78\x64\x70\0\x69\x70\0\x73\
\x75\x6d\0\x6b\x66\x75\x6e\x63\0\x72\x65\x74\0\x7c\0\0\0\x05\0\x08\0\0\0\0\0\0\
\0\0\0\0\0\0\0\0\0\0\0\0\0\0\0\0\0\0\0\0\0\0\0\0\0\0\0\0\0\0\0\0\0\0\0\0\0\0\0\
\0\0\0\0\0\0\0\0\0\0\0\0\0\0\0\0\0\0\0\0\x58\x01\0\0\0\0\0\0\x50\x11\0\0\0\0\0\
\0\xf0\x0c\0\0\0\0\0\0\xb0\x09\0\0\0\0\0\0\x80\x14\0\0\0\0\0\0\x90\x05\0\0\0\0\
\0\0\xe0\x0a\0\0\0\0\0\0\0\x9f\xeb\x01\0\x18\0\0\0\0\0\0\0\xf4\x03\0\0\xf4\x03\
\0\0\x60\x0d\0\0\0\0\0\0\0\0\0\x02\x03\0\0\0\x01\0\0\0\0\0\0\x01\x04\0\0\0\x20\
\0\0\x01\0\0\0\0\0\0\0\x03\0\0\0\0\x02\0\0\0\x04\0\0\0\x02\0\0\0\x05\0\0\0\0\0\
\0\x01\x04\0\0\0\x20\0\0\0\0\0\0\0\0\0\0\x02\x06\0\0\0\0\0\0\0\0\0\0\x03\0\0\0\
\0\x02\0\0\0\x04\0\0\0\x01\0\0\0\0\0\0\0\0\0\0\x02\x08\0\0\0\x19\0\0\0\0\0\0\
\x08\x09\0\0\0\x1f\0\0\0\0\0\0\x01\x04\0\0\0\x20\0\0\0\0\0\0\0\0\0\0\x02\x0b\0\
\0\0\x2c\0\0\0\0\0\0\x08\x0c\0\0\0\x32\0\0\0\0\0\0\x01\x08\0\0\0\x40\0\0\0\0\0\
\0\0\x04\0\0\x04\x20\0\0\0\x45\0\0\0\x01\0\0\0\0\0\0\0\x4a\0\0\0\x05\0\0\0\x40\
\0\0\0\x56\0\0\0\x07\0\0\0\x80\0\0\0\x5a\0\0\0\x0a\0\0\0\xc0\0\0\0\x60\0\0\0\0\
\0\0\x0e\x0d\0\0\0\x01\0\0\0\0\0\0\0\0\0\0\x02\x10\0\0\0\0\0\0\0\0\0\0\x03\0\0\
\0\0\x02\0\0\0\x04\0\0\0\0\x04\0\0\0\0\0\0\0\0\0\x02\x12\0\0\0\x6c\0\0\0\0\0\0\
\x08\x13\0\0\0\x6c\0\0\0\x05\0\0\x04\x0d\0\0\0\x76\0\0\0\x08\0\0\0\0\0\0\0\x7d\
\0\0\0\x08\0\0\0\x20\0\0\0\x84\0\0\0\x14\0\0\0\x40\0\0\0\x8d\0\0\0\x14\0\0\0\
\x50\0\0\0\x96\0\0\0\x16\0\0\0\x60\0\0\0\x9f\0\0\0\0\0\0\x08\x15\0\0\0\xa5\0\0\
\0\0\0\0\x01\x02\0\0\0\x10\0\0\0\xb4\0\0\0\0\0\0\x08\x17\0\0\0\xb9\0\0\0\0\0\0\
\x01\x01\0\0\0\x08\0\0\0\0\0\0\0\0\0\0\x02\x19\0\0\0\xc7\0\0\0\0\0\0\x08\x1a\0\
\0\0\xc7\0\0\0\x02\0\0\x04\x08\0\0\0\xd5\0\0\0\x08\0\0\0\0\0\0\0\xdf\0\0\0\x08\
\0\0\0\x20\0\0\0\0\0\0\0\x04\0\0\x04\x20\0\0\0\x45\0\0\0\x05\0\0\0\0\0\0\0\x4a\
\0\0\0\x0f\0\0\0\x40\0\0\0\x56\0\0\0\x11\0\0\0\x80\0\0\0\x5a\0\0\0\x18\0\0\0\
\xc0\0\0\0\xe9\0\0\0\0\0\0\x0e\x1b\0\0\0\x01\0\0\0\0\0\0\0\x04\0\0\x04\x20\0\0\
\0\x45\0\0\0\x05\0\0\0\0\0\0\0\x4a\0\0\0\x0f\0\0\0\x40\0\0\0\x56\0\0\0\x18\0\0\
\0\x80\0\0\0\x5a\0\0\0\x11\0\0\0\xc0\0\0\0\xf9\0\0\0\0\0\0\x0e\x1d\0\0\0\x01\0\
\0\0\0\0\0\0\0\0\0\x02\x20\0\0\0\x09\x01\0\0\x06\0\0\x04\x18\0\0\0\x10\x01\0\0\
\x08\0\0\0\0\0\0\0\x15\x01\0\0\x08\0\0\0\x20\0\0\0\x1e\x01\0\0\x08\0\0\0\x40\0\
\0\0\x28\x01\0\0\x08\0\0\0\x60\0\0\0\x38\x01\0\0\x08\0\0\0\x80\0\0\0\x47\x01\0\
\0\x08\0\0\0\xa0\0\0\0\0\0\0\0\x01\0\0\x0d\x02\0\0\0\x56\x01\0\0\x1f\0\0\0\x5a\
\x01\0\0\x01\0\0\x0c\x21\0\0\0\x21\x0d\0\0\0\0\0\x0e\x08\0\0\0\x01\0\0\0\x2c\
\x0d\0\0\0\0\0\x0e\x08\0\0\0\x01\0\0\0\x35\x0d\0\0\0\0\0\x0e\x0b\0\0\0\x01\0\0\
\0\x40\x0d\0\0\0\0\0\x01\x01\0\0\0\x08\0\0\x01\0\0\0\0\0\0\0\x03\0\0\0\0\x26\0\
\0\0\x04\0\0\0\x04\0\0\0\x45\x0d\0\0\0\0\0\x0e\x27\0\0\0\x01\0\0\0\x4d\x0d\0\0\
\x03\0\0\x0f\0\0\0\0\x23\0\0\0\0\0\0\0\x04\0\0\0\x24\0\0\0\0\0\0\0\x04\0\0\0\
\x25\0\0\0\0\0\0\0\x08\0\0\0\x52\x0d\0\0\x03\0\0\x0f\0\0\0\0\x0e\0\0\0\0\0\0\0\
\x20\0\0\0\x1c\0\0\0\0\0\0\0\x20\0\0\0\x1e\0\0\0\0\0\0\0\x20\0\0\0\x58\x0d\0\0\
\x01\0\0\x0f\0\0\0\0\x28\0\0\0\0\0\0\0\x04\0\0\0\0\x69\x6e\x74\0\x5f\x5f\x41\
\x52\x52\x41\x59\x5f\x53\x49\x5a\x45\x5f\x54\x59\x50\x45\x5f\x5f\0\x5f\x5f\x75\
\x33\x32\0\x75\x6e\x73\x69\x67\x6e\x65\x64\x20\x69\x6e\x74\0\x5f\x5f\x75\x36\
\x34\0\x75\x6e\x73\x69\x67\x6e\x65\x64\x20\x6c\x6f\x6e\x67\x20\x6c\x6f\x6e\x67\
\0\x74\x79\x70\x65\0\x6d\x61\x78\x5f\x65\x6e\x74\x72\x69\x65\x73\0\x6b\x65\x79\
\0\x76\x61\x6c\x75\x65\0\x6e\x75\x6d\x5f\x70\x72\x6f\x63\x65\x73\x73\0\x73\x6f\
\x63\x6b\x65\x74\x5f\x69\x64\0\x73\x72\x63\x5f\x69\x70\0\x64\x73\x74\x5f\x69\
\x70\0\x73\x72\x63\x5f\x70\x6f\x72\x74\0\x64\x73\x74\x5f\x70\x6f\x72\x74\0\x70\
\x72\x6f\x74\x6f\x63\x6f\x6c\0\x5f\x5f\x75\x31\x36\0\x75\x6e\x73\x69\x67\x6e\
\x65\x64\x20\x73\x68\x6f\x72\x74\0\x5f\x5f\x75\x38\0\x75\x6e\x73\x69\x67\x6e\
\x65\x64\x20\x63\x68\x61\x72\0\x74\x75\x70\x6c\x65\x5f\x70\x72\x6f\x63\x65\x73\
\x73\0\x73\x72\x63\x5f\x70\x72\x6f\x63\x63\0\x64\x73\x74\x5f\x70\x72\x6f\x63\
\x63\0\x61\x64\x64\x72\x65\x73\x73\x5f\x74\x6f\x5f\x70\x72\x6f\x63\0\x70\x72\
\x6f\x63\x5f\x74\x6f\x5f\x61\x64\x64\x72\x65\x73\x73\0\x78\x64\x70\x5f\x6d\x64\
\0\x64\x61\x74\x61\0\x64\x61\x74\x61\x5f\x65\x6e\x64\0\x64\x61\x74\x61\x5f\x6d\
\x65\x74\x61\0\x69\x6e\x67\x72\x65\x73\x73\x5f\x69\x66\x69\x6e\x64\x65\x78\0\
\x72\x78\x5f\x71\x75\x65\x75\x65\x5f\x69\x6e\x64\x65\x78\0\x65\x67\x72\x65\x73\
\x73\x5f\x69\x66\x69\x6e\x64\x65\x78\0\x63\x74\x78\0\x6b\x66\x75\x6e\x63\0\x78\
\x64\x70\0\x2f\x6d\x6e\x74\x2f\x73\x68\x61\x72\x65\x64\x5f\x70\x32\x70\x2f\x58\
\x44\x50\x5f\x43\x4c\x4f\x4e\x45\x2f\x58\x44\x50\x2d\x4d\x50\x49\x2d\x43\x6f\
\x6c\x6c\x65\x63\x74\x69\x76\x65\x73\x2f\x6b\x66\x75\x6e\x63\x2e\x62\x70\x66\
\x2e\x63\0\x20\x20\x76\x6f\x69\x64\x20\x2a\x64\x61\x74\x61\x5f\x65\x6e\x64\x20\
\x3d\x20\x28\x76\x6f\x69\x64\x20\x2a\x29\x28\x6c\x6f\x6e\x67\x29\x63\x74\x78\
\x2d\x3e\x64\x61\x74\x61\x5f\x65\x6e\x64\x3b\0\x20\x20\x76\x6f\x69\x64\x20\x2a\
\x64\x61\x74\x61\x20\x3d\x20\x28\x76\x6f\x69\x64\x20\x2a\x29\x28\x6c\x6f\x6e\
\x67\x29\x63\x74\x78\x2d\x3e\x64\x61\x74\x61\x3b\0\x20\x20\x69\x66\x20\x28\x28\
\x76\x6f\x69\x64\x20\x2a\x29\x28\x65\x74\x68\x20\x2b\x20\x31\x29\x20\x3e\x20\
\x64\x61\x74\x61\x5f\x65\x6e\x64\x29\x20\x7b\0\x20\x20\x69\x66\x20\x28\x62\x70\
\x66\x5f\x6e\x74\x6f\x68\x73\x28\x65\x74\x68\x2d\x3e\x68\x5f\x70\x72\x6f\x74\
\x6f\x29\x20\x21\x3d\x20\x45\x54\x48\x5f\x50\x5f\x49\x50\x29\x20\x7b\0\x20\x20\
\x69\x66\x20\x28\x69\x70\x68\x2d\x3e\x69\x68\x6c\x20\x3c\x20\x35\x29\x20\x7b\0\
\x20\x20\x69\x66\x20\x28\x69\x70\x68\x2d\x3e\x70\x72\x6f\x74\x6f\x63\x6f\x6c\
\x20\x21\x3d\x20\x49\x50\x50\x52\x4f\x54\x4f\x5f\x55\x44\x50\x29\x20\x7b\0\x20\
\x20\x5f\x5f\x75\x33\x32\x20\x69\x70\x5f\x68\x64\x72\x5f\x6c\x65\x6e\x20\x3d\
\x20\x69\x70\x68\x2d\x3e\x69\x68\x6c\x20\x2a\x20\x34\x3b\0\x20\x20\x73\x74\x72\
\x75\x63\x74\x20\x75\x64\x70\x68\x64\x72\x20\x2a\x75\x64\x70\x68\x20\x3d\x20\
\x28\x76\x6f\x69\x64\x20\x2a\x29\x69\x70\x68\x20\x2b\x20\x69\x70\x5f\x68\x64\
\x72\x5f\x6c\x65\x6e\x3b\0\x20\x20\x69\x66\x20\x28\x28\x76\x6f\x69\x64\x20\x2a\
\x29\x28\x75\x64\x70\x68\x20\x2b\x20\x31\x29\x20\x3e\x20\x64\x61\x74\x61\x5f\
\x65\x6e\x64\x29\x20\x7b\0\x20\x20\x69\x66\x20\x28\x69\x70\x68\x2d\x3e\x73\x61\
\x64\x64\x72\x20\x3d\x3d\x20\x62\x70\x66\x5f\x68\x74\x6f\x6e\x6c\x28\x33\x32\
\x33\x32\x32\x36\x31\x33\x37\x38\x29\x29\x20\x7b\x20\x2f\x2f\x20\x73\x72\x63\
\x20\x69\x70\x20\x31\x39\x32\x2e\x31\x36\x38\x2e\x31\x30\x31\x2e\x32\0\x20\x20\
\x20\x20\x69\x66\x20\x28\x63\x74\x78\x2d\x3e\x64\x61\x74\x61\x5f\x6d\x65\x74\
\x61\x20\x2b\x20\x73\x69\x7a\x65\x6f\x66\x28\x5f\x5f\x75\x33\x32\x29\x20\x3c\
\x3d\x20\x63\x74\x78\x2d\x3e\x64\x61\x74\x61\x29\x20\x7b\0\x20\x20\x75\x64\x70\
\x68\x20\x3d\x20\x28\x76\x6f\x69\x64\x20\x2a\x29\x69\x70\x68\x20\x2b\x20\x69\
\x70\x68\x2d\x3e\x69\x68\x6c\x20\x2a\x20\x34\x3b\0\x20\x20\x69\x66\x20\x28\x75\
\x64\x70\x68\x20\x2b\x20\x31\x20\x3e\x20\x28\x76\x6f\x69\x64\x20\x2a\x29\x28\
\x6c\x6f\x6e\x67\x29\x63\x74\x78\x2d\x3e\x64\x61\x74\x61\x5f\x65\x6e\x64\x29\
\x20\x7b\0\x20\x20\x20\x20\x5f\x5f\x62\x75\x69\x6c\x74\x69\x6e\x5f\x6d\x65\x6d\
\x63\x70\x79\x28\x26\x6d\x70\x69\x5f\x68\x65\x61\x64\x65\x72\x5b\x69\x5d\x2c\
\x20\x70\x61\x79\x6c\x6f\x61\x64\x20\x2b\x20\x69\x20\x2a\x20\x73\x69\x7a\x65\
\x6f\x66\x28\x63\x68\x61\x72\x29\x2c\x20\x73\x69\x7a\x65\x6f\x66\x28\x63\x68\
\x61\x72\x29\x29\x3b\0\x20\x20\x69\x66\x20\x28\x6d\x70\x69\x5f\x68\x65\x61\x64\
\x65\x72\x5b\x30\x5d\x20\x21\x3d\x20\x27\x4d\x27\x20\x26\x26\x20\x6d\x70\x69\
\x5f\x68\x65\x61\x64\x65\x72\x5b\x31\x5d\x20\x21\x3d\x20\x27\x50\x27\x20\x26\
\x26\x20\x6d\x70\x69\x5f\x68\x65\x61\x64\x65\x72\x5b\x32\x5d\x20\x21\x3d\x20\
\x27\x49\x27\x20\x26\x26\0\x20\x20\x5f\x5f\x62\x75\x69\x6c\x74\x69\x6e\x5f\x6d\
\x65\x6d\x63\x70\x79\x28\x26\x64\x73\x74\x2c\x20\x64\x73\x74\x5f\x70\x61\x79\
\x6c\x6f\x61\x64\x2c\x20\x73\x69\x7a\x65\x6f\x66\x28\x69\x6e\x74\x29\x29\x3b\0\
\x20\x20\x5f\x5f\x62\x75\x69\x6c\x74\x69\x6e\x5f\x6d\x65\x6d\x63\x70\x79\x28\
\x26\x72\x6f\x6f\x74\x2c\x20\x72\x6f\x6f\x74\x5f\x70\x61\x79\x6c\x6f\x61\x64\
\x2c\x20\x73\x69\x7a\x65\x6f\x66\x28\x69\x6e\x74\x29\x29\x3b\0\x20\x20\x5f\x5f\
\x62\x75\x69\x6c\x74\x69\x6e\x5f\x6d\x65\x6d\x63\x70\x79\x28\x26\x6f\x70\x63\
\x6f\x64\x65\x2c\x20\x6f\x70\x63\x6f\x64\x65\x5f\x70\x61\x79\x6c\x6f\x61\x64\
\x2c\x20\x73\x69\x7a\x65\x6f\x66\x28\x4d\x50\x49\x5f\x43\x6f\x6c\x6c\x65\x63\
\x74\x69\x76\x65\x29\x29\x3b\0\x20\x20\x69\x6e\x74\x20\x64\x73\x74\x5f\x68\x6f\
\x73\x74\x20\x3d\x20\x62\x70\x66\x5f\x6e\x74\x6f\x68\x6c\x28\x64\x73\x74\x29\
\x3b\0\x20\x20\x69\x6e\x74\x20\x72\x6f\x6f\x74\x5f\x68\x6f\x73\x74\x20\x3d\x20\
\x62\x70\x66\x5f\x6e\x74\x6f\x68\x6c\x28\x72\x6f\x6f\x74\x29\x3b\0\x20\x20\x4d\
\x50\x49\x5f\x43\x6f\x6c\x6c\x65\x63\x74\x69\x76\x65\x20\x6f\x70\x63\x6f\x64\
\x65\x5f\x68\x6f\x73\x74\x20\x3d\x20\x62\x70\x66\x5f\x6e\x74\x6f\x68\x6c\x28\
\x6f\x70\x63\x6f\x64\x65\x29\x3b\0\x20\x20\x73\x77\x69\x74\x63\x68\x20\x28\x6f\
\x70\x63\x6f\x64\x65\x5f\x68\x6f\x73\x74\x29\x20\x7b\0\x20\x20\x20\x20\x69\x66\
\x20\x28\x72\x6f\x6f\x74\x5f\x68\x6f\x73\x74\x20\x3d\x3d\x20\x64\x73\x74\x5f\
\x68\x6f\x73\x74\x29\x20\x7b\0\x20\x20\x20\x20\x20\x20\x20\x20\x5f\x5f\x62\x75\
\x69\x6c\x74\x69\x6e\x5f\x6d\x65\x6d\x63\x70\x79\x28\x26\x69\x74\x65\x72\x5f\
\x63\x6f\x70\x79\x2c\x20\x64\x61\x74\x61\x5f\x6d\x65\x74\x61\x2c\x20\x73\x69\
\x7a\x65\x6f\x66\x28\x69\x74\x65\x72\x5f\x63\x6f\x70\x79\x29\x29\x3b\0\x20\x20\
\x20\x20\x20\x20\x20\x20\x69\x6e\x74\x20\x6b\x65\x79\x5f\x6e\x75\x6d\x5f\x70\
\x72\x6f\x63\x65\x73\x73\x20\x3d\x20\x30\x3b\0\x20\x20\x20\x20\x20\x20\x20\x20\
\x69\x6e\x74\x20\x2a\x73\x69\x7a\x65\x5f\x70\x74\x72\x20\x3d\x20\x62\x70\x66\
\x5f\x6d\x61\x70\x5f\x6c\x6f\x6f\x6b\x75\x70\x5f\x65\x6c\x65\x6d\x28\x26\x6e\
\x75\x6d\x5f\x70\x72\x6f\x63\x65\x73\x73\x2c\x20\x26\x6b\x65\x79\x5f\x6e\x75\
\x6d\x5f\x70\x72\x6f\x63\x65\x73\x73\x29\x3b\0\x20\x20\x20\x20\x20\x20\x20\x20\
\x69\x66\x20\x28\x73\x69\x7a\x65\x5f\x70\x74\x72\x29\x20\x7b\0\x20\x20\x20\x20\
\x20\x20\x20\x20\x20\x20\x69\x66\x20\x28\x69\x74\x65\x72\x5f\x63\x6f\x70\x79\
\x20\x3d\x3d\x20\x30\x29\x20\x7b\0\x20\x20\x20\x20\x20\x20\x20\x20\x20\x20\x69\
\x6e\x74\x20\x6e\x65\x78\x74\x20\x3d\x20\x28\x32\x20\x2a\x20\x73\x72\x63\x5f\
\x68\x6f\x73\x74\x29\x20\x2b\x20\x32\x3b\0\x20\x20\x20\x20\x20\x20\x20\x20\x20\
\x20\x69\x6e\x74\x20\x73\x69\x7a\x65\x20\x3d\x20\x2a\x73\x69\x7a\x65\x5f\x70\
\x74\x72\x3b\0\x20\x20\x20\x20\x20\x20\x20\x20\x20\x20\x69\x66\x20\x28\x6e\x65\
\x78\x74\x20\x3e\x3d\x20\x73\x69\x7a\x65\x29\x20\x7b\0\x20\x20\x20\x20\x20\x20\
\x20\x20\x20\x20\x69\x6e\x74\x65\x72\x5f\x64\x65\x73\x74\x2e\x64\x73\x74\x5f\
\x70\x72\x6f\x63\x63\x20\x3d\x20\x6e\x65\x78\x74\x3b\0\x20\x20\x20\x20\x20\x20\
\x20\x20\x20\x20\x69\x6e\x74\x65\x72\x5f\x64\x65\x73\x74\x2e\x73\x72\x63\x5f\
\x70\x72\x6f\x63\x63\x20\x3d\x20\x73\x72\x63\x5f\x68\x6f\x73\x74\x3b\0\x20\x20\
\x20\x20\x20\x20\x20\x20\x20\x20\x20\x20\x20\x20\x62\x70\x66\x5f\x6d\x61\x70\
\x5f\x6c\x6f\x6f\x6b\x75\x70\x5f\x65\x6c\x65\x6d\x28\x26\x70\x72\x6f\x63\x5f\
\x74\x6f\x5f\x61\x64\x64\x72\x65\x73\x73\x2c\x20\x26\x69\x6e\x74\x65\x72\x5f\
\x64\x65\x73\x74\x29\x3b\0\x20\x20\x20\x20\x20\x20\x20\x20\x20\x20\x69\x66\x20\
\x28\x69\x6e\x66\x6f\x5f\x66\x6f\x72\x77\x61\x64\x5f\x6e\x65\x78\x74\x29\x20\
\x7b\0\x20\x20\x20\x20\x20\x20\x69\x66\x20\x28\x73\x74\x61\x72\x74\x5f\x74\x69\
\x6d\x65\x20\x3d\x3d\x20\x30\x29\x20\x7b\0\x20\x20\x20\x20\x20\x20\x20\x20\x73\
\x74\x61\x72\x74\x5f\x74\x69\x6d\x65\x20\x3d\x20\x62\x70\x66\x5f\x6b\x74\x69\
\x6d\x65\x5f\x67\x65\x74\x5f\x6e\x73\x28\x29\x3b\0\x20\x20\x5f\x5f\x62\x75\x69\
\x6c\x74\x69\x6e\x5f\x6d\x65\x6d\x63\x70\x79\x28\x26\x73\x72\x63\x2c\x20\x73\
\x72\x63\x5f\x70\x61\x79\x6c\x6f\x61\x64\x2c\x20\x73\x69\x7a\x65\x6f\x66\x28\
\x69\x6e\x74\x29\x29\x3b\0\x20\x20\x69\x6e\x74\x20\x6b\x65\x79\x5f\x6e\x75\x6d\
\x5f\x70\x72\x6f\x63\x65\x73\x73\x20\x3d\x20\x30\x3b\0\x20\x20\x69\x6e\x74\x20\
\x2a\x73\x69\x7a\x65\x5f\x70\x74\x72\x20\x3d\x20\x62\x70\x66\x5f\x6d\x61\x70\
\x5f\x6c\x6f\x6f\x6b\x75\x70\x5f\x65\x6c\x65\x6d\x28\x26\x6e\x75\x6d\x5f\x70\
\x72\x6f\x63\x65\x73\x73\x2c\x20\x26\x6b\x65\x79\x5f\x6e\x75\x6d\x5f\x70\x72\
\x6f\x63\x65\x73\x73\x29\x3b\0\x20\x20\x69\x66\x20\x28\x21\x73\x69\x7a\x65\x5f\
\x70\x74\x72\x29\0\x20\x20\x20\x20\x20\x20\x20\x20\x20\x20\x20\x20\x20\x20\x28\
\x69\x6e\x74\x29\x28\x28\x28\x75\x6e\x73\x69\x67\x6e\x65\x64\x29\x28\x28\x64\
\x73\x74\x5f\x68\x6f\x73\x74\x29\x20\x2b\x20\x69\x74\x65\x72\x5f\x63\x6f\x70\
\x79\x29\x29\x20\x25\x20\x28\x28\x75\x6e\x73\x69\x67\x6e\x65\x64\x29\x28\x73\
\x69\x7a\x65\x29\x29\x29\x3b\0\x20\x20\x20\x20\x20\x20\x20\x20\x20\x20\x69\x66\
\x20\x28\x72\x6f\x6f\x74\x5f\x68\x6f\x73\x74\x20\x3d\x3d\x20\x6e\x65\x78\x74\
\x29\x20\x7b\0\x20\x20\x20\x20\x20\x20\x20\x20\x20\x20\x69\x6e\x74\x65\x72\x5f\
\x64\x65\x73\x74\x2e\x73\x72\x63\x5f\x70\x72\x6f\x63\x63\x20\x3d\x20\x64\x73\
\x74\x5f\x68\x6f\x73\x74\x3b\0\x20\x20\x20\x20\x20\x20\x62\x70\x66\x5f\x70\x72\
\x69\x6e\x74\x6b\x28\x22\x68\x6f\x20\x66\x69\x6e\x69\x74\x6f\x20\x69\x6e\x20\
\x63\x6c\x6f\x6e\x65\x22\x29\x3b\0\x20\x20\x20\x20\x20\x20\x63\x6f\x75\x6e\x74\
\x5f\x70\x61\x73\x73\x2b\x2b\x3b\0\x20\x20\x20\x20\x20\x20\x72\x65\x74\x75\x72\
\x6e\x20\x58\x44\x50\x5f\x43\x4c\x4f\x4e\x45\x5f\x50\x41\x53\x53\x28\x73\x69\
\x7a\x65\x29\x3b\0\x20\x20\x20\x20\x20\x20\x62\x70\x66\x5f\x70\x72\x69\x6e\x74\
\x6b\x28\x22\x68\x6f\x20\x66\x69\x6e\x69\x74\x6f\x20\x69\x6e\x20\x6f\x72\x69\
\x67\x69\x6e\x61\x6c\x22\x29\x3b\0\x7d\0\x20\x20\x20\x20\x69\x66\x20\x28\x63\
\x74\x78\x2d\x3e\x64\x61\x74\x61\x20\x2b\x20\x73\x69\x7a\x65\x6f\x66\x28\x5f\
\x5f\x75\x33\x32\x29\x20\x3c\x3d\x20\x63\x74\x78\x2d\x3e\x64\x61\x74\x61\x5f\
\x65\x6e\x64\x29\x20\x7b\0\x20\x20\x20\x20\x20\x20\x20\x20\x20\x20\x20\x20\x5f\
\x5f\x62\x75\x69\x6c\x74\x69\x6e\x5f\x6d\x65\x6d\x63\x70\x79\x28\x73\x72\x63\
\x5f\x6d\x61\x63\x2c\x20\x65\x74\x68\x2d\x3e\x68\x5f\x73\x6f\x75\x72\x63\x65\
\x2c\x20\x45\x54\x48\x5f\x41\x4c\x45\x4e\x29\x3b\0\x20\x20\x20\x20\x20\x20\x20\
\x20\x20\x20\x20\x20\x5f\x5f\x62\x75\x69\x6c\x74\x69\x6e\x5f\x6d\x65\x6d\x63\
\x70\x79\x28\x65\x74\x68\x2d\x3e\x68\x5f\x73\x6f\x75\x72\x63\x65\x2c\x20\x64\
\x73\x74\x5f\x6d\x61\x63\x2c\x20\x45\x54\x48\x5f\x41\x4c\x45\x4e\x29\x3b\0\x20\
\x20\x20\x20\x20\x20\x20\x20\x20\x20\x20\x20\x5f\x5f\x62\x75\x69\x6c\x74\x69\
\x6e\x5f\x6d\x65\x6d\x63\x70\x79\x28\x65\x74\x68\x2d\x3e\x68\x5f\x64\x65\x73\
\x74\x2c\x20\x73\x72\x63\x5f\x6d\x61\x63\x2c\x20\x45\x54\x48\x5f\x41\x4c\x45\
\x4e\x29\x3b\0\x20\x20\x20\x20\x20\x20\x20\x20\x20\x20\x20\x20\x5f\x5f\x62\x75\
\x69\x6c\x74\x69\x6e\x5f\x6d\x65\x6d\x63\x70\x79\x28\x64\x73\x74\x5f\x70\x61\
\x79\x6c\x6f\x61\x64\x2c\x20\x26\x6e\x65\x78\x74\x5f\x6e\x65\x74\x2c\x20\x73\
\x69\x7a\x65\x6f\x66\x28\x69\x6e\x74\x29\x29\x3b\0\x20\x20\x20\x20\x20\x20\x20\
\x20\x20\x20\x20\x20\x69\x6e\x74\x20\x6e\x65\x78\x74\x5f\x6e\x65\x74\x20\x3d\
\x20\x62\x70\x66\x5f\x68\x74\x6f\x6e\x6c\x28\x6e\x65\x78\x74\x29\x3b\0\x20\x20\
\x20\x20\x20\x20\x20\x20\x20\x20\x20\x20\x5f\x5f\x62\x75\x69\x6c\x74\x69\x6e\
\x5f\x6d\x65\x6d\x63\x70\x79\x28\x73\x72\x63\x5f\x70\x61\x79\x6c\x6f\x61\x64\
\x2c\x20\x26\x64\x73\x74\x5f\x6e\x65\x74\x2c\x20\x73\x69\x7a\x65\x6f\x66\x28\
\x69\x6e\x74\x29\x29\x3b\0\x20\x20\x20\x20\x20\x20\x20\x20\x20\x20\x20\x20\x75\
\x64\x70\x68\x2d\x3e\x73\x6f\x75\x72\x63\x65\x20\x3d\x20\x62\x70\x66\x5f\x68\
\x74\x6f\x6e\x73\x28\x69\x6e\x66\x6f\x5f\x66\x6f\x72\x77\x61\x64\x5f\x6e\x65\
\x78\x74\x2d\x3e\x73\x72\x63\x5f\x70\x6f\x72\x74\x29\x3b\0\x20\x20\x20\x20\x20\
\x20\x20\x20\x20\x20\x20\x20\x75\x64\x70\x68\x2d\x3e\x64\x65\x73\x74\x20\x3d\
\x20\x62\x70\x66\x5f\x68\x74\x6f\x6e\x73\x28\x69\x6e\x66\x6f\x5f\x66\x6f\x72\
\x77\x61\x64\x5f\x6e\x65\x78\x74\x2d\x3e\x64\x73\x74\x5f\x70\x6f\x72\x74\x29\
\x3b\0\x20\x20\x20\x20\x20\x20\x20\x20\x20\x20\x20\x20\x75\x64\x70\x68\x2d\x3e\
\x63\x68\x65\x63\x6b\x20\x3d\x20\x30\x3b\0\x20\x20\x20\x20\x73\x75\x6d\x20\x2b\
\x3d\x20\x62\x70\x66\x5f\x6e\x74\x6f\x68\x73\x28\x64\x61\x74\x61\x5b\x69\x5d\
\x29\x3b\0\x20\x20\x20\x20\x20\x20\x20\x20\x20\x20\x20\x20\x69\x70\x68\x2d\x3e\
\x73\x61\x64\x64\x72\x20\x3d\x20\x69\x6e\x66\x6f\x5f\x66\x6f\x72\x77\x61\x64\
\x5f\x6e\x65\x78\x74\x2d\x3e\x73\x72\x63\x5f\x69\x70\x3b\0\x20\x20\x20\x20\x20\
\x20\x20\x20\x20\x20\x20\x20\x69\x70\x68\x2d\x3e\x64\x61\x64\x64\x72\x20\x3d\
\x20\x69\x6e\x66\x6f\x5f\x66\x6f\x72\x77\x61\x64\x5f\x6e\x65\x78\x74\x2d\x3e\
\x64\x73\x74\x5f\x69\x70\x3b\0\x20\x20\x77\x68\x69\x6c\x65\x20\x28\x73\x75\x6d\
\x20\x3e\x3e\x20\x31\x36\x29\0\x20\x20\x20\x20\x73\x75\x6d\x20\x3d\x20\x28\x73\
\x75\x6d\x20\x26\x20\x30\x78\x46\x46\x46\x46\x29\x20\x2b\x20\x28\x73\x75\x6d\
\x20\x3e\x3e\x20\x31\x36\x29\x3b\0\x20\x20\x20\x20\x20\x20\x20\x20\x20\x20\x20\
\x20\x69\x70\x68\x2d\x3e\x63\x68\x65\x63\x6b\x20\x3d\x20\x69\x70\x5f\x63\x68\
\x65\x63\x6b\x73\x75\x6d\x5f\x78\x64\x70\x28\x69\x70\x68\x29\x3b\0\x63\x6f\x75\
\x6e\x74\x5f\x70\x61\x73\x73\0\x63\x6f\x75\x6e\x74\x5f\x74\x78\0\x73\x74\x61\
\x72\x74\x5f\x74\x69\x6d\x65\0\x63\x68\x61\x72\0\x4c\x49\x43\x45\x4e\x53\x45\0\
\x2e\x62\x73\x73\0\x2e\x6d\x61\x70\x73\0\x6c\x69\x63\x65\x6e\x73\x65\0\x9f\xeb\
\x01\0\x20\0\0\0\0\0\0\0\x14\0\0\0\x14\0\0\0\x6c\x0f\0\0\x80\x0f\0\0\0\0\0\0\
\x08\0\0\0\x60\x01\0\0\x01\0\0\0\0\0\0\0\x22\0\0\0\x10\0\0\0\x60\x01\0\0\xf6\0\
\0\0\0\0\0\0\x64\x01\0\0\x9e\x01\0\0\x27\xf4\x01\0\x08\0\0\0\x64\x01\0\0\xce\
\x01\0\0\x23\xf0\x01\0\x10\0\0\0\x64\x01\0\0\xf6\x01\0\0\x14\x04\x02\0\x28\0\0\
\0\x64\x01\0\0\xf6\x01\0\0\x07\x04\x02\0\x30\0\0\0\x64\x01\0\0\x1c\x02\0\0\x07\
\x1c\x02\0\x50\0\0\0\x64\x01\0\0\x1c\x02\0\0\x07\x1c\x02\0\x70\0\0\0\x64\x01\0\
\0\x49\x02\0\0\x0c\x50\x02\0\x90\0\0\0\x64\x01\0\0\x49\x02\0\0\x07\x50\x02\0\
\x98\0\0\0\x64\x01\0\0\x5f\x02\0\0\x0c\x68\x02\0\xa0\0\0\0\x64\x01\0\0\x5f\x02\
\0\0\x07\x68\x02\0\xa8\0\0\0\x64\x01\0\0\x85\x02\0\0\x1f\x7c\x02\0\xb0\0\0\0\
\x64\x01\0\0\xa8\x02\0\0\x25\x80\x02\0\xc0\0\0\0\x64\x01\0\0\xda\x02\0\0\x15\
\x84\x02\0\xc8\0\0\0\x64\x01\0\0\xda\x02\0\0\x07\x84\x02\0\xd8\0\0\0\x64\x01\0\
\0\x01\x03\0\0\x0c\x34\x0a\0\xe0\0\0\0\x64\x01\0\0\x01\x03\0\0\x07\x34\x0a\0\
\xe8\0\0\0\x64\x01\0\0\x46\x03\0\0\x0e\x3c\x0a\0\xf0\0\0\0\x64\x01\0\0\x46\x03\
\0\0\x18\x3c\x0a\0\0\x01\0\0\x64\x01\0\0\x46\x03\0\0\x09\x3c\x0a\0\x08\x01\0\0\
\x64\x01\0\0\x7d\x03\0\0\x21\0\x03\0\x18\x01\0\0\x64\x01\0\0\x7d\x03\0\0\x16\0\
\x03\0\x20\x01\0\0\x64\x01\0\0\xa2\x03\0\0\x0c\x04\x03\0\x38\x01\0\0\x64\x01\0\
\0\xa2\x03\0\0\x07\x04\x03\0\x58\x01\0\0\x64\x01\0\0\xd2\x03\0\0\x05\x4c\x03\0\
\x60\x01\0\0\x64\x01\0\0\x22\x04\0\0\x1c\x60\x03\0\x68\x01\0\0\x64\x01\0\0\0\0\
\0\0\0\0\0\0\x70\x01\0\0\x64\x01\0\0\x22\x04\0\0\x1c\x60\x03\0\x78\x01\0\0\x64\
\x01\0\0\0\0\0\0\0\0\0\0\x80\x01\0\0\x64\x01\0\0\x22\x04\0\0\x1c\x60\x03\0\x88\
\x01\0\0\x64\x01\0\0\0\0\0\0\0\0\0\0\x90\x01\0\0\x64\x01\0\0\x22\x04\0\0\x1c\
\x60\x03\0\x98\x01\0\0\x64\x01\0\0\x70\x04\0\0\x03\xa8\x03\0\xe8\x01\0\0\x64\
\x01\0\0\xa4\x04\0\0\x03\x7c\x03\0\x30\x02\0\0\x64\x01\0\0\xda\x04\0\0\x03\xc0\
\x03\0\x80\x02\0\0\x64\x01\0\0\xa4\x04\0\0\x03\x7c\x03\0\x88\x02\0\0\x64\x01\0\
\0\x1f\x05\0\0\x12\xac\x03\0\x98\x02\0\0\x64\x01\0\0\x40\x05\0\0\x13\x80\x03\0\
\xa8\x02\0\0\x64\x01\0\0\x63\x05\0\0\x20\xc4\x03\0\xb0\x02\0\0\x64\x01\0\0\x95\
\x05\0\0\x03\x50\x04\0\xd0\x02\0\0\x64\x01\0\0\xae\x05\0\0\x09\x64\x04\0\x28\
\x03\0\0\x64\x01\0\0\xcf\x05\0\0\x09\x7c\x04\0\x68\x03\0\0\x64\x01\0\0\x13\x06\
\0\0\x0d\xa0\x04\0\x78\x03\0\0\x64\x01\0\0\0\0\0\0\0\0\0\0\x80\x03\0\0\x64\x01\
\0\0\x34\x06\0\0\x19\xa4\x04\0\xa0\x03\0\0\x64\x01\0\0\x81\x06\0\0\x0d\xa8\x04\
\0\xa8\x03\0\0\x64\x01\0\0\0\0\0\0\0\0\0\0\xf0\x03\0\0\x64\x01\0\0\x99\x06\0\0\
\x0f\xb0\x04\0\x58\x04\0\0\x64\x01\0\0\xb9\x06\0\0\x25\xd4\x04\0\x90\x04\0\0\
\x64\x01\0\0\xe2\x06\0\0\x16\xac\x04\0\xa8\x04\0\0\x64\x01\0\0\x02\x07\0\0\x0f\
\xdc\x04\0\xb0\x04\0\0\x64\x01\0\0\x20\x07\0\0\x20\xf4\x04\0\xb8\x04\0\0\x64\
\x01\0\0\x47\x07\0\0\x20\xf0\x04\0\xc8\x04\0\0\x64\x01\0\0\0\0\0\0\0\0\0\0\xd0\
\x04\0\0\x64\x01\0\0\x72\x07\0\0\x0f\xfc\x04\0\xe8\x04\0\0\x64\x01\0\0\xb4\x07\
\0\0\x0f\0\x05\0\xf8\x04\0\0\x64\x01\0\0\xd6\x07\0\0\x0b\x4c\x0a\0\x10\x05\0\0\
\x64\x01\0\0\xd6\x07\0\0\x0b\x4c\x0a\0\x20\x05\0\0\x64\x01\0\0\xf3\x07\0\0\x16\
\x50\x0a\0\x28\x05\0\0\x64\x01\0\0\xf3\x07\0\0\x14\x50\x0a\0\x30\x05\0\0\x64\
\x01\0\0\x9e\x01\0\0\x27\x98\x07\0\x38\x05\0\0\x64\x01\0\0\x7d\x03\0\0\x1d\xb4\
\x07\0\x40\x05\0\0\x64\x01\0\0\x7d\x03\0\0\x21\xb4\x07\0\x50\x05\0\0\x64\x01\0\
\0\x7d\x03\0\0\x16\xb4\x07\0\x58\x05\0\0\x64\x01\0\0\xa2\x03\0\0\x0c\xb8\x07\0\
\x70\x05\0\0\x64\x01\0\0\xa2\x03\0\0\x07\xb8\x07\0\x90\x05\0\0\x64\x01\0\0\xd2\
\x03\0\0\x05\0\x08\0\x98\x05\0\0\x64\x01\0\0\x22\x04\0\0\x1c\x14\x08\0\xa0\x05\
\0\0\x64\x01\0\0\0\0\0\0\0\0\0\0\xa8\x05\0\0\x64\x01\0\0\x22\x04\0\0\x1c\x14\
\x08\0\xb0\x05\0\0\x64\x01\0\0\0\0\0\0\0\0\0\0\xb8\x05\0\0\x64\x01\0\0\x22\x04\
\0\0\x1c\x14\x08\0\xc0\x05\0\0\x64\x01\0\0\0\0\0\0\0\0\0\0\xc8\x05\0\0\x64\x01\
\0\0\x22\x04\0\0\x1c\x14\x08\0\xd0\x05\0\0\x64\x01\0\0\xa4\x04\0\0\x03\x30\x08\
\0\x08\x06\0\0\x64\x01\0\0\x1c\x08\0\0\x03\x44\x08\0\x48\x06\0\0\x64\x01\0\0\
\x70\x04\0\0\x03\x5c\x08\0\x80\x06\0\0\x64\x01\0\0\xda\x04\0\0\x03\x74\x08\0\
\xb8\x06\0\0\x64\x01\0\0\x50\x08\0\0\x07\x08\x09\0\xc8\x06\0\0\x64\x01\0\0\0\0\
\0\0\0\0\0\0\xd0\x06\0\0\x64\x01\0\0\x6b\x08\0\0\x13\x0c\x09\0\0\x07\0\0\x64\
\x01\0\0\xb2\x08\0\0\x07\x10\x09\0\xd0\x07\0\0\x64\x01\0\0\x63\x05\0\0\x20\x78\
\x08\0\xd8\x07\0\0\x64\x01\0\0\x95\x05\0\0\x03\x1c\x09\0\xf8\x07\0\0\x64\x01\0\
\0\0\0\0\0\0\0\0\0\x18\x08\0\0\x64\x01\0\0\xae\x05\0\0\x09\x80\x06\0\x40\x08\0\
\0\x64\x01\0\0\xcf\x05\0\0\x09\x98\x06\0\x88\x08\0\0\x64\x01\0\0\x13\x06\0\0\
\x0d\xa0\x06\0\x98\x08\0\0\x64\x01\0\0\0\0\0\0\0\0\0\0\xa0\x08\0\0\x64\x01\0\0\
\x34\x06\0\0\x19\xa4\x06\0\xb8\x08\0\0\x64\x01\0\0\x81\x06\0\0\x0d\xa8\x06\0\
\xc8\x08\0\0\x64\x01\0\0\0\0\0\0\0\0\0\0\x18\x09\0\0\x64\x01\0\0\xc3\x08\0\0\
\x2c\xb4\x06\0\x30\x09\0\0\x64\x01\0\0\xe2\x06\0\0\x16\xac\x06\0\x38\x09\0\0\
\x64\x01\0\0\xc3\x08\0\0\x3a\xb4\x06\0\x48\x09\0\0\x64\x01\0\0\x13\x09\0\0\x0f\
\xb8\x06\0\x58\x09\0\0\x64\x01\0\0\x20\x07\0\0\x20\xd0\x06\0\x60\x09\0\0\x64\
\x01\0\0\x36\x09\0\0\x20\xcc\x06\0\x70\x09\0\0\x64\x01\0\0\0\0\0\0\0\0\0\0\x78\
\x09\0\0\x64\x01\0\0\x72\x07\0\0\x0f\xd8\x06\0\x90\x09\0\0\x64\x01\0\0\xb4\x07\
\0\0\x0f\xdc\x06\0\xa0\x09\0\0\x64\x01\0\0\xae\x05\0\0\x09\x98\x05\0\xb0\x09\0\
\0\x64\x01\0\0\x61\x09\0\0\x07\x9c\x05\0\x20\x0a\0\0\x64\x01\0\0\xae\x05\0\0\
\x09\x9c\x09\0\x80\x0a\0\0\x64\x01\0\0\0\0\0\0\0\0\0\0\x88\x0a\0\0\x64\x01\0\0\
\x89\x09\0\0\x11\xb0\x09\0\xb0\x0a\0\0\x64\x01\0\0\x9d\x09\0\0\x0e\xb4\x09\0\
\xd0\x0a\0\0\x64\x01\0\0\xae\x05\0\0\x09\x4c\x09\0\xe0\x0a\0\0\x64\x01\0\0\xc0\
\x09\0\0\x07\x50\x09\0\x40\x0b\0\0\x64\x01\0\0\0\0\0\0\0\0\0\0\x50\x0b\0\0\x64\
\x01\0\0\xeb\x09\0\0\x01\x78\x0a\0\x58\x0b\0\0\x64\x01\0\0\xed\x09\0\0\x13\xa8\
\x05\0\x70\x0b\0\0\x64\x01\0\0\xed\x09\0\0\x09\xa8\x05\0\x80\x0b\0\0\x64\x01\0\
\0\xcf\x05\0\0\x09\xb4\x05\0\xc8\x0b\0\0\x64\x01\0\0\x13\x06\0\0\x0d\xbc\x05\0\
\xd8\x0b\0\0\x64\x01\0\0\0\0\0\0\0\0\0\0\xe0\x0b\0\0\x64\x01\0\0\x34\x06\0\0\
\x19\xc0\x05\0\xf8\x0b\0\0\x64\x01\0\0\x81\x06\0\0\x0d\xc4\x05\0\x08\x0c\0\0\
\x64\x01\0\0\0\0\0\0\0\0\0\0\x50\x0c\0\0\x64\x01\0\0\xc3\x08\0\0\x2c\xd0\x05\0\
\x70\x0c\0\0\x64\x01\0\0\xe2\x06\0\0\x16\xc8\x05\0\x78\x0c\0\0\x64\x01\0\0\xc3\
\x08\0\0\x3a\xd0\x05\0\x90\x0c\0\0\x64\x01\0\0\x13\x09\0\0\x0f\xd4\x05\0\x98\
\x0c\0\0\x64\x01\0\0\x20\x07\0\0\x20\xe8\x05\0\xa8\x0c\0\0\x64\x01\0\0\x36\x09\
\0\0\x20\xe4\x05\0\xc0\x0c\0\0\x64\x01\0\0\0\0\0\0\0\0\0\0\xc8\x0c\0\0\x64\x01\
\0\0\x72\x07\0\0\x0f\xf0\x05\0\xe0\x0c\0\0\x64\x01\0\0\xb4\x07\0\0\x0f\xf4\x05\
\0\xf0\x0c\0\0\x64\x01\0\0\x23\x0a\0\0\x0d\xe8\x06\0\x70\x0d\0\0\x64\x01\0\0\
\x63\x0a\0\0\x0d\xf0\x06\0\xd0\x0d\0\0\x64\x01\0\0\xa3\x0a\0\0\x0d\xf4\x06\0\
\x48\x0e\0\0\x64\x01\0\0\xe1\x0a\0\0\x0d\x0c\x07\0\x60\x0e\0\0\x64\x01\0\0\x24\
\x0b\0\0\x1c\0\x07\0\x70\x0e\0\0\x64\x01\0\0\xe1\x0a\0\0\x0d\x0c\x07\0\x88\x0e\
\0\0\x64\x01\0\0\x24\x0b\0\0\x1c\0\x07\0\x90\x0e\0\0\x64\x01\0\0\xe1\x0a\0\0\
\x0d\x0c\x07\0\xa8\x0e\0\0\x64\x01\0\0\x50\x0b\0\0\x0d\x08\x07\0\xf0\x0e\0\0\
\x64\x01\0\0\x92\x0b\0\0\x1c\x14\x07\0\x18\x0f\0\0\x64\x01\0\0\x92\x0b\0\0\x1a\
\x14\x07\0\x28\x0f\0\0\x64\x01\0\0\xd4\x0b\0\0\x1a\x18\x07\0\x38\x0f\0\0\x64\
\x01\0\0\x14\x0c\0\0\x19\x1c\x07\0\x40\x0f\0\0\x64\x01\0\0\xd4\x0b\0\0\x1a\x18\
\x07\0\x58\x0f\0\0\x64\x01\0\0\xd4\x0b\0\0\x18\x18\x07\0\x60\x0f\0\0\x64\x01\0\
\0\x31\x0c\0\0\x0c\xb8\x01\0\x80\x0f\0\0\x64\x01\0\0\x31\x0c\0\0\x09\xb8\x01\0\
\x88\x0f\0\0\x64\x01\0\0\x50\x0c\0\0\x2c\x24\x07\0\xd8\x0f\0\0\x64\x01\0\0\x31\
\x0c\0\0\x0c\xb8\x01\0\xe8\x0f\0\0\x64\x01\0\0\x31\x0c\0\0\x09\xb8\x01\0\xf0\
\x0f\0\0\x64\x01\0\0\x31\x0c\0\0\x0c\xb8\x01\0\0\x10\0\0\x64\x01\0\0\x31\x0c\0\
\0\x09\xb8\x01\0\x08\x10\0\0\x64\x01\0\0\x31\x0c\0\0\x0c\xb8\x01\0\x18\x10\0\0\
\x64\x01\0\0\x31\x0c\0\0\x09\xb8\x01\0\x20\x10\0\0\x64\x01\0\0\x31\x0c\0\0\x0c\
\xb8\x01\0\x30\x10\0\0\x64\x01\0\0\x31\x0c\0\0\x09\xb8\x01\0\x38\x10\0\0\x64\
\x01\0\0\x50\x0c\0\0\x18\x24\x07\0\x40\x10\0\0\x64\x01\0\0\x31\x0c\0\0\x0c\xb8\
\x01\0\x50\x10\0\0\x64\x01\0\0\x31\x0c\0\0\x09\xb8\x01\0\x58\x10\0\0\x64\x01\0\
\0\x83\x0c\0\0\x2c\x28\x07\0\xa8\x10\0\0\x64\x01\0\0\x83\x0c\0\0\x18\x28\x07\0\
\xb0\x10\0\0\x64\x01\0\0\x31\x0c\0\0\x0c\xb8\x01\0\xc0\x10\0\0\x64\x01\0\0\x31\
\x0c\0\0\x09\xb8\x01\0\xc8\x10\0\0\x64\x01\0\0\x31\x0c\0\0\x0c\xb8\x01\0\xd8\
\x10\0\0\x64\x01\0\0\x31\x0c\0\0\x09\xb8\x01\0\0\x11\0\0\x64\x01\0\0\xb6\x0c\0\
\0\x03\xc8\x01\0\x18\x11\0\0\x64\x01\0\0\xb6\x0c\0\0\x0e\xc8\x01\0\x30\x11\0\0\
\x64\x01\0\0\xca\x0c\0\0\x10\xcc\x01\0\x38\x11\0\0\x64\x01\0\0\xca\x0c\0\0\x1a\
\xcc\x01\0\x40\x11\0\0\x64\x01\0\0\xb6\x0c\0\0\x03\xc8\x01\0\x50\x11\0\0\x64\
\x01\0\0\xe1\x0a\0\0\x0d\x2c\x05\0\x68\x11\0\0\x64\x01\0\0\x24\x0b\0\0\x1c\x24\
\x05\0\x78\x11\0\0\x64\x01\0\0\xe1\x0a\0\0\x0d\x2c\x05\0\x88\x11\0\0\x64\x01\0\
\0\x50\x0b\0\0\x0d\x28\x05\0\xd0\x11\0\0\x64\x01\0\0\x24\x0b\0\0\x1c\x24\x05\0\
\xd8\x11\0\0\x64\x01\0\0\xe1\x0a\0\0\x0d\x2c\x05\0\0\x12\0\0\x64\x01\0\0\x92\
\x0b\0\0\x1c\x34\x05\0\x28\x12\0\0\x64\x01\0\0\x92\x0b\0\0\x1a\x34\x05\0\x38\
\x12\0\0\x64\x01\0\0\xd4\x0b\0\0\x1a\x38\x05\0\x48\x12\0\0\x64\x01\0\0\x14\x0c\
\0\0\x19\x3c\x05\0\x50\x12\0\0\x64\x01\0\0\xd4\x0b\0\0\x1a\x38\x05\0\x68\x12\0\
\0\x64\x01\0\0\xd4\x0b\0\0\x18\x38\x05\0\x70\x12\0\0\x64\x01\0\0\x31\x0c\0\0\
\x0c\xb8\x01\0\x90\x12\0\0\x64\x01\0\0\x31\x0c\0\0\x09\xb8\x01\0\x98\x12\0\0\
\x64\x01\0\0\x50\x0c\0\0\x2c\x44\x05\0\xe8\x12\0\0\x64\x01\0\0\x31\x0c\0\0\x0c\
\xb8\x01\0\xf8\x12\0\0\x64\x01\0\0\x31\x0c\0\0\x09\xb8\x01\0\0\x13\0\0\x64\x01\
\0\0\x31\x0c\0\0\x0c\xb8\x01\0\x10\x13\0\0\x64\x01\0\0\x31\x0c\0\0\x09\xb8\x01\
\0\x18\x13\0\0\x64\x01\0\0\x31\x0c\0\0\x0c\xb8\x01\0\x28\x13\0\0\x64\x01\0\0\
\x31\x0c\0\0\x09\xb8\x01\0\x30\x13\0\0\x64\x01\0\0\x31\x0c\0\0\x0c\xb8\x01\0\
\x40\x13\0\0\x64\x01\0\0\x31\x0c\0\0\x09\xb8\x01\0\x48\x13\0\0\x64\x01\0\0\x50\
\x0c\0\0\x18\x44\x05\0\x50\x13\0\0\x64\x01\0\0\x31\x0c\0\0\x0c\xb8\x01\0\x60\
\x13\0\0\x64\x01\0\0\x31\x0c\0\0\x09\xb8\x01\0\x68\x13\0\0\x64\x01\0\0\x83\x0c\
\0\0\x2c\x48\x05\0\xb8\x13\0\0\x64\x01\0\0\x83\x0c\0\0\x18\x48\x05\0\xc0\x13\0\
\0\x64\x01\0\0\x31\x0c\0\0\x0c\xb8\x01\0\xd0\x13\0\0\x64\x01\0\0\x31\x0c\0\0\
\x09\xb8\x01\0\xd8\x13\0\0\x64\x01\0\0\x31\x0c\0\0\x0c\xb8\x01\0\xe8\x13\0\0\
\x64\x01\0\0\x31\x0c\0\0\x09\xb8\x01\0\x10\x14\0\0\x64\x01\0\0\xb6\x0c\0\0\x03\
\xc8\x01\0\x28\x14\0\0\x64\x01\0\0\xb6\x0c\0\0\x0e\xc8\x01\0\x40\x14\0\0\x64\
\x01\0\0\xca\x0c\0\0\x10\xcc\x01\0\x48\x14\0\0\x64\x01\0\0\xca\x0c\0\0\x1a\xcc\
\x01\0\x50\x14\0\0\x64\x01\0\0\xb6\x0c\0\0\x03\xc8\x01\0\x68\x14\0\0\x64\x01\0\
\0\xf2\x0c\0\0\x18\x4c\x05\0\x80\x14\0\0\x64\x01\0\0\x23\x0a\0\0\x0d\0\x06\0\0\
\x15\0\0\x64\x01\0\0\x63\x0a\0\0\x0d\x08\x06\0\x60\x15\0\0\x64\x01\0\0\xa3\x0a\
\0\0\x0d\x0c\x06\0\xd8\x15\0\0\x64\x01\0\0\xe1\x0a\0\0\x0d\x24\x06\0\xf0\x15\0\
\0\x64\x01\0\0\x24\x0b\0\0\x1c\x18\x06\0\0\x16\0\0\x64\x01\0\0\xe1\x0a\0\0\x0d\
\x24\x06\0\x18\x16\0\0\x64\x01\0\0\x24\x0b\0\0\x1c\x18\x06\0\x20\x16\0\0\x64\
\x01\0\0\xe1\x0a\0\0\x0d\x24\x06\0\x38\x16\0\0\x64\x01\0\0\x50\x0b\0\0\x0d\x20\
\x06\0\x80\x16\0\0\x64\x01\0\0\x92\x0b\0\0\x1c\x2c\x06\0\xa8\x16\0\0\x64\x01\0\
\0\x92\x0b\0\0\x1a\x2c\x06\0\xb8\x16\0\0\x64\x01\0\0\xd4\x0b\0\0\x1a\x30\x06\0\
\xc8\x16\0\0\x64\x01\0\0\x14\x0c\0\0\x19\x34\x06\0\xd0\x16\0\0\x64\x01\0\0\xd4\
\x0b\0\0\x1a\x30\x06\0\xe8\x16\0\0\x64\x01\0\0\xd4\x0b\0\0\x18\x30\x06\0\xf0\
\x16\0\0\x64\x01\0\0\x31\x0c\0\0\x0c\xb8\x01\0\x10\x17\0\0\x64\x01\0\0\x31\x0c\
\0\0\x09\xb8\x01\0\x18\x17\0\0\x64\x01\0\0\x50\x0c\0\0\x2c\x3c\x06\0\x68\x17\0\
\0\x64\x01\0\0\x31\x0c\0\0\x0c\xb8\x01\0\x78\x17\0\0\x64\x01\0\0\x31\x0c\0\0\
\x09\xb8\x01\0\x80\x17\0\0\x64\x01\0\0\x31\x0c\0\0\x0c\xb8\x01\0\x90\x17\0\0\
\x64\x01\0\0\x31\x0c\0\0\x09\xb8\x01\0\x98\x17\0\0\x64\x01\0\0\x31\x0c\0\0\x0c\
\xb8\x01\0\xa8\x17\0\0\x64\x01\0\0\x31\x0c\0\0\x09\xb8\x01\0\xb0\x17\0\0\x64\
\x01\0\0\x31\x0c\0\0\x0c\xb8\x01\0\xc0\x17\0\0\x64\x01\0\0\x31\x0c\0\0\x09\xb8\
\x01\0\xc8\x17\0\0\x64\x01\0\0\x50\x0c\0\0\x18\x3c\x06\0\xd0\x17\0\0\x64\x01\0\
\0\x31\x0c\0\0\x0c\xb8\x01\0\xe0\x17\0\0\x64\x01\0\0\x31\x0c\0\0\x09\xb8\x01\0\
\xe8\x17\0\0\x64\x01\0\0\x83\x0c\0\0\x2c\x40\x06\0\x38\x18\0\0\x64\x01\0\0\x83\
\x0c\0\0\x18\x40\x06\0\x40\x18\0\0\x64\x01\0\0\x31\x0c\0\0\x0c\xb8\x01\0\x50\
\x18\0\0\x64\x01\0\0\x31\x0c\0\0\x09\xb8\x01\0\x58\x18\0\0\x64\x01\0\0\x31\x0c\
\0\0\x0c\xb8\x01\0\x68\x18\0\0\x64\x01\0\0\x31\x0c\0\0\x09\xb8\x01\0\x90\x18\0\
\0\x64\x01\0\0\xb6\x0c\0\0\x03\xc8\x01\0\xa8\x18\0\0\x64\x01\0\0\xb6\x0c\0\0\
\x0e\xc8\x01\0\xc0\x18\0\0\x64\x01\0\0\xca\x0c\0\0\x10\xcc\x01\0\xc8\x18\0\0\
\x64\x01\0\0\xca\x0c\0\0\x1a\xcc\x01\0\xd0\x18\0\0\x64\x01\0\0\xb6\x0c\0\0\x03\
\xc8\x01\0\xe8\x18\0\0\x64\x01\0\0\0\0\0\0\0\0\0\0\x0c\0\0\0\xff\xff\xff\xff\
\x04\0\x08\0\x08\x7c\x0b\0\x14\0\0\0\0\0\0\0\0\0\0\0\0\0\0\0\x28\x19\0\0\0\0\0\
\0\x40\x06\0\0\x05\0\x08\0\xeb\0\0\0\x08\x01\x01\xfb\x0e\x0d\0\x01\x01\x01\x01\
\0\0\0\x01\0\0\x01\x01\x01\x1f\x04\0\0\0\0\x2e\0\0\0\x47\0\0\0\x58\0\0\0\x03\
\x01\x1f\x02\x0f\x05\x1e\x09\x6b\0\0\0\0\xfc\x6b\xa8\xd5\x9b\x0c\x6b\xe3\xa1\
\x93\x7d\xcb\x0b\x17\xb0\x6f\x77\0\0\0\x01\xb8\x10\xf2\x70\x73\x3e\x10\x63\x19\
\xb6\x7e\xf5\x12\xc6\x24\x6e\x82\0\0\0\x02\x09\xcf\xcd\x71\x69\xc2\x4b\xec\x44\
\x8f\x30\x58\x2e\x8c\x6d\xb9\x94\0\0\0\x03\x4e\xfb\xa0\x40\x70\x3b\x62\xd3\x05\
\xb3\x36\x2e\xa8\x52\xcd\xaa\x9a\0\0\0\x03\xfc\xee\x41\x5b\xb1\x9d\xb8\xac\xb9\
\x68\xee\xda\x6f\x02\xfa\x29\x9f\0\0\0\x03\x16\x3f\x54\xfb\x1a\xf2\xe2\x1f\xea\
\x41\x0f\x14\xeb\x18\xfa\x76\xaa\0\0\0\x03\xc0\xad\xe1\xa1\xa3\x09\xd6\x89\x6c\
\xe6\x08\x0a\x51\xa2\xd1\x05\xb2\0\0\0\x03\x14\x97\x78\xac\xe3\x0a\x1f\xf2\x08\
\xad\xc8\x78\x3f\xd0\x4b\x29\xb7\0\0\0\x03\x53\xc0\xd4\x2e\x1b\xf6\xd9\x3b\x39\
\x15\x17\x64\xbe\x2d\x20\xfb\x04\0\x05\x27\x0a\0\x09\x02\0\0\0\0\0\0\0\0\x03\
\xfc\0\x01\x05\x23\x1f\x05\x14\x25\x05\x07\x06\x3c\x06\x26\x06\x4a\x03\xf9\x7e\
\x20\x03\x87\x01\x2e\x05\x0c\x06\x03\x0d\x20\x05\x07\x06\x4a\x05\x0c\x06\x26\
\x05\x07\x06\x20\x05\x1f\x06\x25\x05\x25\x21\x05\x15\x2f\x05\x07\x06\x20\x03\
\xdf\x7e\x20\x05\x0c\x06\x03\x8d\x05\x20\x05\x07\x06\x20\x05\x0e\x06\x22\x05\
\x18\x06\x20\x05\x09\x2e\x05\x21\x06\x03\xb1\x7c\x20\x05\x16\x06\x2e\x05\x0c\
\x06\x21\x06\x03\xbf\x7e\x2e\x05\x07\x03\xc1\x01\x20\x03\xbf\x7e\x20\x03\xc1\
\x01\x2e\x05\x05\x06\x03\x12\x20\x05\x1c\x25\x05\0\x06\x03\xa8\x7e\x20\x05\x1c\
\x03\xd8\x01\x20\x05\0\x03\xa8\x7e\x20\x05\x1c\x03\xd8\x01\x20\x05\0\x03\xa8\
\x7e\x20\x05\x1c\x03\xd8\x01\x20\x05\x03\x06\x03\x12\x20\x03\x75\x9e\x03\x11\
\x90\x03\x6f\x9e\x05\x12\x03\x0c\x20\x05\x13\x03\x75\x2e\x05\x20\x03\x11\x2e\
\x05\x03\x03\x23\x20\x06\x03\xec\x7d\x2e\x03\x94\x02\x20\x05\x09\x06\x25\x06\
\x03\xe7\x7d\x20\x03\x99\x02\x2e\x03\xe7\x7d\x20\x06\x03\x9f\x02\x74\x06\x03\
\xe1\x7d\x74\x05\x0d\x06\x03\xa8\x02\x20\x06\x03\xd8\x7d\x20\x05\x19\x06\x03\
\xa9\x02\x2e\x05\x0d\x4b\x05\0\x06\x03\xd6\x7d\x20\x05\x0f\x06\x03\xac\x02\x90\
\x06\x03\xd4\x7d\x20\x05\x25\x06\x03\xb5\x02\xba\x05\x16\x03\x76\x74\x05\x0f\
\x03\x0c\x3c\x05\x20\x26\x1f\x06\x03\xc4\x7d\x20\x05\x0f\x06\x03\xbf\x02\x2e\
\x3d\x06\x03\xc0\x7d\x20\x05\x0b\x06\x03\x93\x05\x20\x06\x3c\x03\xed\x7a\x20\
\x05\x16\x06\x03\x94\x05\x20\x05\x14\x06\x20\x05\x27\x06\x03\xd2\x7e\x20\x05\
\x1d\x27\x05\x21\x06\x20\x05\x16\x2e\x05\x0c\x06\x21\x06\x03\x92\x7c\x2e\x05\
\x07\x03\xee\x03\x20\x03\x92\x7c\x20\x03\xee\x03\x2e\x05\x05\x06\x03\x12\x20\
\x05\x1c\x25\x05\0\x06\x03\xfb\x7b\x20\x05\x1c\x03\x85\x04\x20\x05\0\x03\xfb\
\x7b\x20\x05\x1c\x03\x85\x04\x20\x05\0\x03\xfb\x7b\x20\x05\x1c\x03\x85\x04\x20\
\x05\x03\x06\x27\x79\x88\x7a\x06\x03\xe3\x7b\x66\x05\x07\x06\x03\xc2\x04\x20\
\x05\0\x06\x03\xbe\x7b\x2e\x05\x13\x06\x03\xc3\x04\x20\x06\x03\xbd\x7b\x3c\x03\
\xc3\x04\x20\x03\xbd\x7b\x20\x05\x07\x06\x03\xc4\x04\x20\x06\x03\xbc\x7b\x20\
\x05\x20\x06\x03\x9e\x04\x08\x82\x05\x03\x03\x29\x20\x06\x03\xb9\x7b\x2e\x03\
\xc7\x04\x20\x05\0\x03\xb9\x7b\x20\x05\x09\x06\x03\xa0\x03\x4a\x06\x03\xe0\x7c\
\x20\x03\xa0\x03\x2e\x03\xe0\x7c\x20\x06\x03\xa6\x03\x20\x06\x03\xda\x7c\x74\
\x05\x0d\x06\x03\xa8\x03\x2e\x06\x03\xd8\x7c\x20\x05\x19\x06\x03\xa9\x03\x2e\
\x05\x0d\x3d\x06\x03\xd6\x7c\x20\x05\x2c\x06\x03\xad\x03\xac\x05\x16\x3a\x05\
\x3a\x22\x06\x03\xd3\x7c\x20\x05\x0f\x06\x03\xae\x03\x20\x06\x03\xd2\x7c\x20\
\x05\x20\x06\x03\xb4\x03\x20\x1f\x06\x03\xcd\x7c\x20\x05\x0f\x06\x03\xb6\x03\
\x2e\x3d\x06\x03\xc9\x7c\x20\x05\x09\x06\x03\xe6\x02\x20\x06\x03\x9a\x7d\x20\
\x05\x07\x06\x03\xe7\x02\x20\x06\x03\x99\x7d\x90\x03\xe7\x02\x20\x03\x99\x7d\
\x2e\x05\x09\x06\x03\xe7\x04\x2e\x06\x03\x99\x7b\x20\x03\xe7\x04\x9e\x05\0\x03\
\x99\x7b\x20\x05\x11\x06\x03\xec\x04\x20\x05\x0e\x59\x06\x03\x93\x7b\x3c\x05\
\x09\x06\x03\xd3\x04\x20\x06\x03\xad\x7b\x20\x05\x07\x06\x03\xd4\x04\x20\x06\
\x03\xac\x7b\x90\x03\xd4\x04\x20\x05\0\x03\xac\x7b\x2e\x05\x01\x06\x03\x9e\x05\
\x2e\x05\x13\x03\xcc\x7d\x20\x05\x09\x06\x3c\x03\x96\x7d\x20\x06\x03\xed\x02\
\x20\x06\x03\x93\x7d\x74\x05\x0d\x06\x03\xef\x02\x2e\x06\x03\x91\x7d\x20\x05\
\x19\x06\x03\xf0\x02\x2e\x05\x0d\x3d\x06\x03\x8f\x7d\x20\x05\x2c\x06\x03\xf4\
\x02\x9e\x05\x16\x48\x05\x3a\x22\x06\x03\x8c\x7d\x20\x05\x0f\x06\x03\xf5\x02\
\x2e\x05\x20\x25\x2d\x06\x03\x87\x7d\x2e\x05\x0f\x06\x03\xfc\x02\x2e\x3d\x06\
\x03\x83\x7d\x20\x05\x0d\x06\x03\xba\x03\x20\xf4\xbb\xea\x05\x1c\x39\x05\x0d\
\x31\x05\x1c\x39\x05\x0d\x23\x3b\x05\x1c\x93\x05\x1a\x06\x58\x06\x2f\x05\x19\
\x2f\x05\x1a\x1f\x05\x18\x06\x3c\x05\x0c\x06\x03\xa8\x7d\x20\x05\x09\x06\x4a\
\x05\x2c\x06\x03\xdb\x02\x20\x05\x0c\x03\xa5\x7d\x9e\x05\x09\x06\x2e\x05\x0c\
\x20\x05\x09\x2e\x05\x0c\x20\x05\x09\x2e\x05\x0c\x20\x05\x09\x2e\x05\x18\x06\
\x03\xdb\x02\x20\x05\x0c\x03\xa5\x7d\x20\x05\x09\x06\x2e\x05\x2c\x06\x03\xdc\
\x02\x20\x05\x18\x06\x9e\x05\x0c\x06\x03\xa4\x7d\x20\x05\x09\x06\x2e\x05\x0c\
\x20\x05\x09\x2e\x05\x03\x06\x5c\x06\x03\x8e\x7f\x20\x05\x0e\x03\xf2\0\x2e\x05\
\x10\x06\x3d\x05\x1a\x06\x20\x05\x03\x06\x1f\x06\x03\x8e\x7f\x20\x05\x0d\x06\
\x03\xcb\x02\x20\x05\x1c\x3a\x05\x0d\x30\x2d\x05\x1c\x8f\x05\x0d\x22\x05\x1c\
\x5a\x05\x1a\x06\x58\x06\x2f\x05\x19\x2f\x05\x1a\x1f\x05\x18\x06\x3c\x05\x0c\
\x06\x03\xa0\x7e\x20\x05\x09\x06\x4a\x05\x2c\x06\x03\xe3\x01\x20\x05\x0c\x03\
\x9d\x7e\x9e\x05\x09\x06\x2e\x05\x0c\x20\x05\x09\x2e\x05\x0c\x20\x05\x09\x2e\
\x05\x0c\x20\x05\x09\x2e\x05\x18\x06\x03\xe3\x01\x20\x05\x0c\x03\x9d\x7e\x20\
\x05\x09\x06\x2e\x05\x2c\x06\x03\xe4\x01\x20\x05\x18\x06\x9e\x05\x0c\x06\x03\
\x9c\x7e\x20\x05\x09\x06\x2e\x05\x0c\x20\x05\x09\x2e\x05\x03\x06\x5c\x06\x03\
\x8e\x7f\x20\x05\x0e\x03\xf2\0\x2e\x05\x10\x06\x3d\x05\x1a\x06\x20\x05\x03\x06\
\x1f\x06\x03\x8e\x7f\x20\x05\x18\x06\x03\xd3\x02\x2e\x06\x03\xad\x7d\x2e\x05\
\x0d\x06\x03\x80\x03\x20\xf4\xbb\xea\x05\x1c\x39\x05\x0d\x31\x05\x1c\x39\x05\
\x0d\x23\x3b\x05\x1c\x93\x05\x1a\x06\x58\x06\x2f\x05\x19\x2f\x05\x1a\x1f\x05\
\x18\x06\x3c\x05\x0c\x06\x03\xe2\x7d\x20\x05\x09\x06\x4a\x05\x2c\x06\x03\xa1\
\x02\x20\x05\x0c\x03\xdf\x7d\x9e\x05\x09\x06\x2e\x05\x0c\x20\x05\x09\x2e\x05\
\x0c\x20\x05\x09\x2e\x05\x0c\x20\x05\x09\x2e\x05\x18\x06\x03\xa1\x02\x20\x05\
\x0c\x03\xdf\x7d\x20\x05\x09\x06\x2e\x05\x2c\x06\x03\xa2\x02\x20\x05\x18\x06\
\x9e\x05\x0c\x06\x03\xde\x7d\x20\x05\x09\x06\x2e\x05\x0c\x20\x05\x09\x2e\x05\
\x03\x06\x5c\x06\x03\x8e\x7f\x20\x05\x0e\x03\xf2\0\x2e\x05\x10\x06\x3d\x05\x1a\
\x06\x20\x05\x03\x06\x1f\x06\x03\x8e\x7f\x20\x02\x0a\0\x01\x01\x2f\x6d\x6e\x74\
\x2f\x73\x68\x61\x72\x65\x64\x5f\x70\x32\x70\x2f\x58\x44\x50\x5f\x43\x4c\x4f\
\x4e\x45\x2f\x58\x44\x50\x2d\x4d\x50\x49\x2d\x43\x6f\x6c\x6c\x65\x63\x74\x69\
\x76\x65\x73\0\x2f\x75\x73\x72\x2f\x69\x6e\x63\x6c\x75\x64\x65\x2f\x61\x73\x6d\
\x2d\x67\x65\x6e\x65\x72\x69\x63\0\x2f\x75\x73\x72\x2f\x69\x6e\x63\x6c\x75\x64\
\x65\x2f\x62\x70\x66\0\x2f\x75\x73\x72\x2f\x69\x6e\x63\x6c\x75\x64\x65\x2f\x6c\
\x69\x6e\x75\x78\0\x6b\x66\x75\x6e\x63\x2e\x62\x70\x66\x2e\x63\0\x69\x6e\x74\
\x2d\x6c\x6c\x36\x34\x2e\x68\0\x62\x70\x66\x5f\x68\x65\x6c\x70\x65\x72\x5f\x64\
\x65\x66\x73\x2e\x68\0\x62\x70\x66\x2e\x68\0\x69\x6e\x2e\x68\0\x69\x66\x5f\x65\
\x74\x68\x65\x72\x2e\x68\0\x74\x79\x70\x65\x73\x2e\x68\0\x69\x70\x2e\x68\0\x75\
\x64\x70\x2e\x68\0\0\0\0\0\0\0\0\0\0\0\0\0\0\0\0\0\0\0\0\0\0\0\0\0\0\0\0\0\0\0\
\0\x2f\x01\0\0\x04\0\xf1\xff\0\0\0\0\0\0\0\0\0\0\0\0\0\0\0\0\0\0\0\0\x03\0\x03\
\0\0\0\0\0\0\0\0\0\0\0\0\0\0\0\0\0\xd4\x01\0\0\0\0\x03\0\x50\x0b\0\0\0\0\0\0\0\
\0\0\0\0\0\0\0\xbc\x01\0\0\0\0\x03\0\xf8\x04\0\0\0\0\0\0\0\0\0\0\0\0\0\0\xc4\
\x01\0\0\0\0\x03\0\x98\x01\0\0\0\0\0\0\0\0\0\0\0\0\0\0\xb4\x01\0\0\0\0\x03\0\
\xa0\x09\0\0\0\0\0\0\0\0\0\0\0\0\0\0\x7c\x01\0\0\0\0\x03\0\x10\x08\0\0\0\0\0\0\
\0\0\0\0\0\0\0\0\xe4\x01\0\0\0\0\x03\0\xf0\x04\0\0\0\0\0\0\0\0\0\0\0\0\0\0\xcc\
\x01\0\0\0\0\x03\0\x50\x11\0\0\0\0\0\0\0\0\0\0\0\0\0\0\xf4\x01\0\0\0\0\x03\0\
\x48\x0b\0\0\0\0\0\0\0\0\0\0\0\0\0\0\x9c\x01\0\0\0\0\x03\0\x40\x05\0\0\0\0\0\0\
\0\0\0\0\0\0\0\0\xfc\x01\0\0\0\0\x03\0\xd0\x05\0\0\0\0\0\0\0\0\0\0\0\0\0\0\x6c\
\x01\0\0\0\0\x03\0\xc8\x0a\0\0\0\0\0\0\0\0\0\0\0\0\0\0\x94\x01\0\0\0\0\x03\0\
\x18\x0a\0\0\0\0\0\0\0\0\0\0\0\0\0\0\xdc\x01\0\0\0\0\x03\0\x98\x09\0\0\0\0\0\0\
\0\0\0\0\0\0\0\0\x64\x01\0\0\0\0\x03\0\xf0\x0c\0\0\0\0\0\0\0\0\0\0\0\0\0\0\xac\
\x01\0\0\0\0\x03\0\x58\x0b\0\0\0\0\0\0\0\0\0\0\0\0\0\0\x0c\x02\0\0\0\0\x03\0\
\x40\x0b\0\0\0\0\0\0\0\0\0\0\0\0\0\0\x74\x01\0\0\0\0\x03\0\xe8\x0c\0\0\0\0\0\0\
\0\0\0\0\0\0\0\0\x84\x01\0\0\0\0\x03\0\x80\x14\0\0\0\0\0\0\0\0\0\0\0\0\0\0\xec\
\x01\0\0\0\0\x03\0\x48\x11\0\0\0\0\0\0\0\0\0\0\0\0\0\0\x04\x02\0\0\0\0\x03\0\
\x18\x11\0\0\0\0\0\0\0\0\0\0\0\0\0\0\x23\x02\0\0\0\0\x03\0\xd8\x18\0\0\0\0\0\0\
\0\0\0\0\0\0\0\0\x8c\x01\0\0\0\0\x03\0\x58\x14\0\0\0\0\0\0\0\0\0\0\0\0\0\0\xa4\
\x01\0\0\0\0\x03\0\x28\x14\0\0\0\0\0\0\0\0\0\0\0\0\0\0\x5c\x01\0\0\0\0\x03\0\
\xa8\x18\0\0\0\0\0\0\0\0\0\0\0\0\0\0\0\0\0\0\x03\0\x09\0\0\0\0\0\0\0\0\0\0\0\0\
\0\0\0\0\0\0\0\0\0\x03\0\x0a\0\0\0\0\0\0\0\0\0\0\0\0\0\0\0\0\0\0\0\0\0\x03\0\
\x0d\0\0\0\0\0\0\0\0\0\0\0\0\0\0\0\0\0\0\0\0\0\x03\0\x0e\0\0\0\0\0\0\0\0\0\0\0\
\0\0\0\0\0\0\0\0\0\0\x03\0\x10\0\0\0\0\0\0\0\0\0\0\0\0\0\0\0\0\0\0\0\0\0\x03\0\
\x11\0\0\0\0\0\0\0\0\0\0\0\0\0\0\0\0\0\0\0\0\0\x03\0\x17\0\0\0\0\0\0\0\0\0\0\0\
\0\0\0\0\0\0\0\0\0\0\x03\0\x19\0\0\0\0\0\0\0\0\0\0\0\0\0\0\0\0\0\0\0\0\0\x03\0\
\x1b\0\0\0\0\0\0\0\0\0\0\0\0\0\0\0\0\0\x29\x01\0\0\x12\0\x03\0\0\0\0\0\0\0\0\0\
\x28\x19\0\0\0\0\0\0\x72\0\0\0\x11\0\x07\0\0\0\0\0\0\0\0\0\x20\0\0\0\0\0\0\0\
\x62\0\0\0\x11\0\x07\0\x40\0\0\0\0\0\0\0\x20\0\0\0\0\0\0\0\xfd\0\0\0\x11\0\x05\
\0\x08\0\0\0\0\0\0\0\x08\0\0\0\0\0\0\0\x83\0\0\0\x11\0\x05\0\0\0\0\0\0\0\0\0\
\x04\0\0\0\0\0\0\0\x01\0\0\0\x11\0\x05\0\x04\0\0\0\0\0\0\0\x04\0\0\0\0\0\0\0\
\x54\x01\0\0\x11\0\x06\0\0\0\0\0\0\0\0\0\x04\0\0\0\0\0\0\0\x19\x01\0\0\x11\0\
\x07\0\x20\0\0\0\0\0\0\0\x20\0\0\0\0\0\0\0\x80\x03\0\0\0\0\0\0\x01\0\0\0\x25\0\
\0\0\xd0\x04\0\0\0\0\0\0\x01\0\0\0\x26\0\0\0\xf8\x04\0\0\0\0\0\0\x01\0\0\0\x27\
\0\0\0\xd0\x06\0\0\0\0\0\0\x01\0\0\0\x25\0\0\0\xa0\x08\0\0\0\0\0\0\x01\0\0\0\
\x25\0\0\0\x78\x09\0\0\0\0\0\0\x01\0\0\0\x26\0\0\0\x88\x0a\0\0\0\0\0\0\x01\0\0\
\0\x28\0\0\0\xe0\x0b\0\0\0\0\0\0\x01\0\0\0\x25\0\0\0\xc8\x0c\0\0\0\0\0\0\x01\0\
\0\0\x26\0\0\0\xf0\x18\0\0\0\0\0\0\x01\0\0\0\x29\0\0\0\x08\0\0\0\0\0\0\0\x03\0\
\0\0\x1c\0\0\0\x11\0\0\0\0\0\0\0\x03\0\0\0\x1e\0\0\0\x15\0\0\0\0\0\0\0\x03\0\0\
\0\x22\0\0\0\x1f\0\0\0\0\0\0\0\x03\0\0\0\x20\0\0\0\x23\0\0\0\0\0\0\0\x03\0\0\0\
\x1d\0\0\0\x27\0\0\0\0\0\0\0\x03\0\0\0\x1b\0\0\0\x08\0\0\0\0\0\0\0\x03\0\0\0\
\x1f\0\0\0\x0c\0\0\0\0\0\0\0\x03\0\0\0\x1f\0\0\0\x10\0\0\0\0\0\0\0\x03\0\0\0\
\x1f\0\0\0\x14\0\0\0\0\0\0\0\x03\0\0\0\x1f\0\0\0\x18\0\0\0\0\0\0\0\x03\0\0\0\
\x1f\0\0\0\x1c\0\0\0\0\0\0\0\x03\0\0\0\x1f\0\0\0\x20\0\0\0\0\0\0\0\x03\0\0\0\
\x1f\0\0\0\x24\0\0\0\0\0\0\0\x03\0\0\0\x1f\0\0\0\x28\0\0\0\0\0\0\0\x03\0\0\0\
\x1f\0\0\0\x2c\0\0\0\0\0\0\0\x03\0\0\0\x1f\0\0\0\x30\0\0\0\0\0\0\0\x03\0\0\0\
\x1f\0\0\0\x34\0\0\0\0\0\0\0\x03\0\0\0\x1f\0\0\0\x38\0\0\0\0\0\0\0\x03\0\0\0\
\x1f\0\0\0\x3c\0\0\0\0\0\0\0\x03\0\0\0\x1f\0\0\0\x40\0\0\0\0\0\0\0\x03\0\0\0\
\x1f\0\0\0\x44\0\0\0\0\0\0\0\x03\0\0\0\x1f\0\0\0\x48\0\0\0\0\0\0\0\x03\0\0\0\
\x1f\0\0\0\x4c\0\0\0\0\0\0\0\x03\0\0\0\x1f\0\0\0\x50\0\0\0\0\0\0\0\x03\0\0\0\
\x1f\0\0\0\x54\0\0\0\0\0\0\0\x03\0\0\0\x1f\0\0\0\x58\0\0\0\0\0\0\0\x03\0\0\0\
\x1f\0\0\0\x5c\0\0\0\0\0\0\0\x03\0\0\0\x1f\0\0\0\x60\0\0\0\0\0\0\0\x03\0\0\0\
\x1f\0\0\0\x64\0\0\0\0\0\0\0\x03\0\0\0\x1f\0\0\0\x68\0\0\0\0\0\0\0\x03\0\0\0\
\x1f\0\0\0\x6c\0\0\0\0\0\0\0\x03\0\0\0\x1f\0\0\0\x70\0\0\0\0\0\0\0\x03\0\0\0\
\x1f\0\0\0\x74\0\0\0\0\0\0\0\x03\0\0\0\x1f\0\0\0\x78\0\0\0\0\0\0\0\x03\0\0\0\
\x1f\0\0\0\x7c\0\0\0\0\0\0\0\x03\0\0\0\x1f\0\0\0\x80\0\0\0\0\0\0\0\x03\0\0\0\
\x1f\0\0\0\x84\0\0\0\0\0\0\0\x03\0\0\0\x1f\0\0\0\x88\0\0\0\0\0\0\0\x03\0\0\0\
\x1f\0\0\0\x8c\0\0\0\0\0\0\0\x03\0\0\0\x1f\0\0\0\x90\0\0\0\0\0\0\0\x03\0\0\0\
\x1f\0\0\0\x94\0\0\0\0\0\0\0\x03\0\0\0\x1f\0\0\0\x98\0\0\0\0\0\0\0\x03\0\0\0\
\x1f\0\0\0\x9c\0\0\0\0\0\0\0\x03\0\0\0\x1f\0\0\0\xa0\0\0\0\0\0\0\0\x03\0\0\0\
\x1f\0\0\0\xa4\0\0\0\0\0\0\0\x03\0\0\0\x1f\0\0\0\xa8\0\0\0\0\0\0\0\x03\0\0\0\
\x1f\0\0\0\xac\0\0\0\0\0\0\0\x03\0\0\0\x1f\0\0\0\xb0\0\0\0\0\0\0\0\x03\0\0\0\
\x1f\0\0\0\xb4\0\0\0\0\0\0\0\x03\0\0\0\x1f\0\0\0\xb8\0\0\0\0\0\0\0\x03\0\0\0\
\x1f\0\0\0\xbc\0\0\0\0\0\0\0\x03\0\0\0\x1f\0\0\0\xc0\0\0\0\0\0\0\0\x03\0\0\0\
\x1f\0\0\0\xc4\0\0\0\0\0\0\0\x03\0\0\0\x1f\0\0\0\xc8\0\0\0\0\0\0\0\x03\0\0\0\
\x1f\0\0\0\xcc\0\0\0\0\0\0\0\x03\0\0\0\x1f\0\0\0\xd0\0\0\0\0\0\0\0\x03\0\0\0\
\x1f\0\0\0\xd4\0\0\0\0\0\0\0\x03\0\0\0\x1f\0\0\0\xd8\0\0\0\0\0\0\0\x03\0\0\0\
\x1f\0\0\0\xdc\0\0\0\0\0\0\0\x03\0\0\0\x1f\0\0\0\xe0\0\0\0\0\0\0\0\x03\0\0\0\
\x1f\0\0\0\xe4\0\0\0\0\0\0\0\x03\0\0\0\x1f\0\0\0\xe8\0\0\0\0\0\0\0\x03\0\0\0\
\x1f\0\0\0\xec\0\0\0\0\0\0\0\x03\0\0\0\x1f\0\0\0\xf0\0\0\0\0\0\0\0\x03\0\0\0\
\x1f\0\0\0\xf4\0\0\0\0\0\0\0\x03\0\0\0\x1f\0\0\0\xf8\0\0\0\0\0\0\0\x03\0\0\0\
\x1f\0\0\0\xfc\0\0\0\0\0\0\0\x03\0\0\0\x1f\0\0\0\0\x01\0\0\0\0\0\0\x03\0\0\0\
\x1f\0\0\0\x04\x01\0\0\0\0\0\0\x03\0\0\0\x1f\0\0\0\x08\x01\0\0\0\0\0\0\x03\0\0\
\0\x1f\0\0\0\x0c\x01\0\0\0\0\0\0\x03\0\0\0\x1f\0\0\0\x10\x01\0\0\0\0\0\0\x03\0\
\0\0\x1f\0\0\0\x14\x01\0\0\0\0\0\0\x03\0\0\0\x1f\0\0\0\x18\x01\0\0\0\0\0\0\x03\
\0\0\0\x1f\0\0\0\x1c\x01\0\0\0\0\0\0\x03\0\0\0\x1f\0\0\0\x20\x01\0\0\0\0\0\0\
\x03\0\0\0\x1f\0\0\0\x24\x01\0\0\0\0\0\0\x03\0\0\0\x1f\0\0\0\x28\x01\0\0\0\0\0\
\0\x03\0\0\0\x1f\0\0\0\x2c\x01\0\0\0\0\0\0\x03\0\0\0\x1f\0\0\0\x30\x01\0\0\0\0\
\0\0\x03\0\0\0\x1f\0\0\0\x34\x01\0\0\0\0\0\0\x03\0\0\0\x1f\0\0\0\x38\x01\0\0\0\
\0\0\0\x03\0\0\0\x1f\0\0\0\x3c\x01\0\0\0\0\0\0\x03\0\0\0\x1f\0\0\0\x40\x01\0\0\
\0\0\0\0\x03\0\0\0\x1f\0\0\0\x44\x01\0\0\0\0\0\0\x03\0\0\0\x1f\0\0\0\x48\x01\0\
\0\0\0\0\0\x03\0\0\0\x1f\0\0\0\x4c\x01\0\0\0\0\0\0\x03\0\0\0\x1f\0\0\0\x50\x01\
\0\0\0\0\0\0\x03\0\0\0\x1f\0\0\0\x54\x01\0\0\0\0\0\0\x03\0\0\0\x1f\0\0\0\x58\
\x01\0\0\0\0\0\0\x03\0\0\0\x1f\0\0\0\x5c\x01\0\0\0\0\0\0\x03\0\0\0\x1f\0\0\0\
\x60\x01\0\0\0\0\0\0\x03\0\0\0\x1f\0\0\0\x64\x01\0\0\0\0\0\0\x03\0\0\0\x1f\0\0\
\0\x68\x01\0\0\0\0\0\0\x03\0\0\0\x1f\0\0\0\x6c\x01\0\0\0\0\0\0\x03\0\0\0\x1f\0\
\0\0\x70\x01\0\0\0\0\0\0\x03\0\0\0\x1f\0\0\0\x74\x01\0\0\0\0\0\0\x03\0\0\0\x1f\
\0\0\0\x78\x01\0\0\0\0\0\0\x03\0\0\0\x1f\0\0\0\x7c\x01\0\0\0\0\0\0\x03\0\0\0\
\x1f\0\0\0\x80\x01\0\0\0\0\0\0\x03\0\0\0\x1f\0\0\0\x84\x01\0\0\0\0\0\0\x03\0\0\
\0\x1f\0\0\0\x88\x01\0\0\0\0\0\0\x03\0\0\0\x1f\0\0\0\x8c\x01\0\0\0\0\0\0\x03\0\
\0\0\x1f\0\0\0\x90\x01\0\0\0\0\0\0\x03\0\0\0\x1f\0\0\0\x94\x01\0\0\0\0\0\0\x03\
\0\0\0\x1f\0\0\0\x98\x01\0\0\0\0\0\0\x03\0\0\0\x1f\0\0\0\x9c\x01\0\0\0\0\0\0\
\x03\0\0\0\x1f\0\0\0\xa0\x01\0\0\0\0\0\0\x03\0\0\0\x1f\0\0\0\xa4\x01\0\0\0\0\0\
\0\x03\0\0\0\x1f\0\0\0\xa8\x01\0\0\0\0\0\0\x03\0\0\0\x1f\0\0\0\xac\x01\0\0\0\0\
\0\0\x03\0\0\0\x1f\0\0\0\xb0\x01\0\0\0\0\0\0\x03\0\0\0\x1f\0\0\0\xb4\x01\0\0\0\
\0\0\0\x03\0\0\0\x1f\0\0\0\xb8\x01\0\0\0\0\0\0\x03\0\0\0\x1f\0\0\0\xbc\x01\0\0\
\0\0\0\0\x03\0\0\0\x1f\0\0\0\xc0\x01\0\0\0\0\0\0\x03\0\0\0\x1f\0\0\0\xc4\x01\0\
\0\0\0\0\0\x03\0\0\0\x1f\0\0\0\xc8\x01\0\0\0\0\0\0\x03\0\0\0\x1f\0\0\0\xcc\x01\
\0\0\0\0\0\0\x03\0\0\0\x1f\0\0\0\xd0\x01\0\0\0\0\0\0\x03\0\0\0\x1f\0\0\0\xd4\
\x01\0\0\0\0\0\0\x03\0\0\0\x1f\0\0\0\xd8\x01\0\0\0\0\0\0\x03\0\0\0\x1f\0\0\0\
\xdc\x01\0\0\0\0\0\0\x03\0\0\0\x1f\0\0\0\xe0\x01\0\0\0\0\0\0\x03\0\0\0\x1f\0\0\
\0\xe4\x01\0\0\0\0\0\0\x03\0\0\0\x1f\0\0\0\xe8\x01\0\0\0\0\0\0\x03\0\0\0\x1f\0\
\0\0\xec\x01\0\0\0\0\0\0\x03\0\0\0\x1f\0\0\0\xf0\x01\0\0\0\0\0\0\x03\0\0\0\x1f\
\0\0\0\xf4\x01\0\0\0\0\0\0\x03\0\0\0\x1f\0\0\0\xf8\x01\0\0\0\0\0\0\x03\0\0\0\
\x1f\0\0\0\xfc\x01\0\0\0\0\0\0\x03\0\0\0\x1f\0\0\0\0\x02\0\0\0\0\0\0\x03\0\0\0\
\x1f\0\0\0\x04\x02\0\0\0\0\0\0\x03\0\0\0\x1f\0\0\0\x08\x02\0\0\0\0\0\0\x03\0\0\
\0\x1f\0\0\0\x0c\x02\0\0\0\0\0\0\x03\0\0\0\x1f\0\0\0\x10\x02\0\0\0\0\0\0\x03\0\
\0\0\x1f\0\0\0\x14\x02\0\0\0\0\0\0\x03\0\0\0\x1f\0\0\0\x18\x02\0\0\0\0\0\0\x03\
\0\0\0\x1f\0\0\0\x1c\x02\0\0\0\0\0\0\x03\0\0\0\x1f\0\0\0\x20\x02\0\0\0\0\0\0\
\x03\0\0\0\x1f\0\0\0\x24\x02\0\0\0\0\0\0\x03\0\0\0\x1f\0\0\0\x28\x02\0\0\0\0\0\
\0\x03\0\0\0\x1f\0\0\0\x2c\x02\0\0\0\0\0\0\x03\0\0\0\x1f\0\0\0\x30\x02\0\0\0\0\
\0\0\x03\0\0\0\x1f\0\0\0\x34\x02\0\0\0\0\0\0\x03\0\0\0\x1f\0\0\0\x38\x02\0\0\0\
\0\0\0\x03\0\0\0\x1f\0\0\0\x3c\x02\0\0\0\0\0\0\x03\0\0\0\x1f\0\0\0\x40\x02\0\0\
\0\0\0\0\x03\0\0\0\x1f\0\0\0\x44\x02\0\0\0\0\0\0\x03\0\0\0\x1f\0\0\0\x48\x02\0\
\0\0\0\0\0\x03\0\0\0\x1f\0\0\0\x4c\x02\0\0\0\0\0\0\x03\0\0\0\x1f\0\0\0\x50\x02\
\0\0\0\0\0\0\x03\0\0\0\x1f\0\0\0\x54\x02\0\0\0\0\0\0\x03\0\0\0\x1f\0\0\0\x58\
\x02\0\0\0\0\0\0\x03\0\0\0\x1f\0\0\0\x5c\x02\0\0\0\0\0\0\x03\0\0\0\x1f\0\0\0\
\x60\x02\0\0\0\0\0\0\x03\0\0\0\x1f\0\0\0\x64\x02\0\0\0\0\0\0\x03\0\0\0\x1f\0\0\
\0\x68\x02\0\0\0\0\0\0\x03\0\0\0\x1f\0\0\0\x6c\x02\0\0\0\0\0\0\x03\0\0\0\x1f\0\
\0\0\x70\x02\0\0\0\0\0\0\x03\0\0\0\x1f\0\0\0\x74\x02\0\0\0\0\0\0\x03\0\0\0\x1f\
\0\0\0\x78\x02\0\0\0\0\0\0\x03\0\0\0\x1f\0\0\0\x7c\x02\0\0\0\0\0\0\x03\0\0\0\
\x1f\0\0\0\x80\x02\0\0\0\0\0\0\x03\0\0\0\x1f\0\0\0\x84\x02\0\0\0\0\0\0\x03\0\0\
\0\x1f\0\0\0\x88\x02\0\0\0\0\0\0\x03\0\0\0\x1f\0\0\0\x8c\x02\0\0\0\0\0\0\x03\0\
\0\0\x1f\0\0\0\x90\x02\0\0\0\0\0\0\x03\0\0\0\x1f\0\0\0\x94\x02\0\0\0\0\0\0\x03\
\0\0\0\x1f\0\0\0\x98\x02\0\0\0\0\0\0\x03\0\0\0\x1f\0\0\0\x9c\x02\0\0\0\0\0\0\
\x03\0\0\0\x1f\0\0\0\xa0\x02\0\0\0\0\0\0\x03\0\0\0\x1f\0\0\0\xa4\x02\0\0\0\0\0\
\0\x03\0\0\0\x1f\0\0\0\xa8\x02\0\0\0\0\0\0\x03\0\0\0\x1f\0\0\0\xac\x02\0\0\0\0\
\0\0\x03\0\0\0\x1f\0\0\0\xb0\x02\0\0\0\0\0\0\x03\0\0\0\x1f\0\0\0\xb4\x02\0\0\0\
\0\0\0\x03\0\0\0\x1f\0\0\0\xb8\x02\0\0\0\0\0\0\x03\0\0\0\x1f\0\0\0\xbc\x02\0\0\
\0\0\0\0\x03\0\0\0\x1f\0\0\0\xc0\x02\0\0\0\0\0\0\x03\0\0\0\x1f\0\0\0\xc4\x02\0\
\0\0\0\0\0\x03\0\0\0\x1f\0\0\0\xc8\x02\0\0\0\0\0\0\x03\0\0\0\x1f\0\0\0\xcc\x02\
\0\0\0\0\0\0\x03\0\0\0\x1f\0\0\0\xd0\x02\0\0\0\0\0\0\x03\0\0\0\x1f\0\0\0\xd4\
\x02\0\0\0\0\0\0\x03\0\0\0\x1f\0\0\0\xd8\x02\0\0\0\0\0\0\x03\0\0\0\x1f\0\0\0\
\xdc\x02\0\0\0\0\0\0\x03\0\0\0\x1f\0\0\0\xe0\x02\0\0\0\0\0\0\x03\0\0\0\x1f\0\0\
\0\xe4\x02\0\0\0\0\0\0\x03\0\0\0\x1f\0\0\0\xe8\x02\0\0\0\0\0\0\x03\0\0\0\x1f\0\
\0\0\xec\x02\0\0\0\0\0\0\x03\0\0\0\x1f\0\0\0\xf0\x02\0\0\0\0\0\0\x03\0\0\0\x1f\
\0\0\0\xf4\x02\0\0\0\0\0\0\x03\0\0\0\x1f\0\0\0\xf8\x02\0\0\0\0\0\0\x03\0\0\0\
\x1f\0\0\0\xfc\x02\0\0\0\0\0\0\x03\0\0\0\x1f\0\0\0\0\x03\0\0\0\0\0\0\x03\0\0\0\
\x1f\0\0\0\x04\x03\0\0\0\0\0\0\x03\0\0\0\x1f\0\0\0\x08\0\0\0\0\0\0\0\x02\0\0\0\
\x28\0\0\0\x10\0\0\0\0\0\0\0\x02\0\0\0\x29\0\0\0\x18\0\0\0\0\0\0\0\x02\0\0\0\
\x27\0\0\0\x20\0\0\0\0\0\0\0\x02\0\0\0\x2a\0\0\0\x28\0\0\0\0\0\0\0\x02\0\0\0\
\x25\0\0\0\x30\0\0\0\0\0\0\0\x02\0\0\0\x2b\0\0\0\x38\0\0\0\0\0\0\0\x02\0\0\0\
\x26\0\0\0\x40\0\0\0\0\0\0\0\x02\0\0\0\x02\0\0\0\x48\0\0\0\0\0\0\0\x02\0\0\0\
\x02\0\0\0\x50\0\0\0\0\0\0\0\x02\0\0\0\x02\0\0\0\x58\0\0\0\0\0\0\0\x02\0\0\0\
\x02\0\0\0\x60\0\0\0\0\0\0\0\x02\0\0\0\x02\0\0\0\x68\0\0\0\0\0\0\0\x02\0\0\0\
\x02\0\0\0\x70\0\0\0\0\0\0\0\x02\0\0\0\x02\0\0\0\x78\0\0\0\0\0\0\0\x02\0\0\0\
\x02\0\0\0\xa4\x03\0\0\0\0\0\0\x04\0\0\0\x28\0\0\0\xb0\x03\0\0\0\0\0\0\x04\0\0\
\0\x29\0\0\0\xbc\x03\0\0\0\0\0\0\x04\0\0\0\x27\0\0\0\xd4\x03\0\0\0\0\0\0\x04\0\
\0\0\x25\0\0\0\xe0\x03\0\0\0\0\0\0\x04\0\0\0\x2b\0\0\0\xec\x03\0\0\0\0\0\0\x04\
\0\0\0\x26\0\0\0\x04\x04\0\0\0\0\0\0\x04\0\0\0\x2a\0\0\0\x2c\0\0\0\0\0\0\0\x04\
\0\0\0\x02\0\0\0\x40\0\0\0\0\0\0\0\x04\0\0\0\x02\0\0\0\x50\0\0\0\0\0\0\0\x04\0\
\0\0\x02\0\0\0\x60\0\0\0\0\0\0\0\x04\0\0\0\x02\0\0\0\x70\0\0\0\0\0\0\0\x04\0\0\
\0\x02\0\0\0\x80\0\0\0\0\0\0\0\x04\0\0\0\x02\0\0\0\x90\0\0\0\0\0\0\0\x04\0\0\0\
\x02\0\0\0\xa0\0\0\0\0\0\0\0\x04\0\0\0\x02\0\0\0\xb0\0\0\0\0\0\0\0\x04\0\0\0\
\x02\0\0\0\xc0\0\0\0\0\0\0\0\x04\0\0\0\x02\0\0\0\xd0\0\0\0\0\0\0\0\x04\0\0\0\
\x02\0\0\0\xe0\0\0\0\0\0\0\0\x04\0\0\0\x02\0\0\0\xf0\0\0\0\0\0\0\0\x04\0\0\0\
\x02\0\0\0\0\x01\0\0\0\0\0\0\x04\0\0\0\x02\0\0\0\x10\x01\0\0\0\0\0\0\x04\0\0\0\
\x02\0\0\0\x20\x01\0\0\0\0\0\0\x04\0\0\0\x02\0\0\0\x30\x01\0\0\0\0\0\0\x04\0\0\
\0\x02\0\0\0\x40\x01\0\0\0\0\0\0\x04\0\0\0\x02\0\0\0\x50\x01\0\0\0\0\0\0\x04\0\
\0\0\x02\0\0\0\x60\x01\0\0\0\0\0\0\x04\0\0\0\x02\0\0\0\x70\x01\0\0\0\0\0\0\x04\
\0\0\0\x02\0\0\0\x80\x01\0\0\0\0\0\0\x04\0\0\0\x02\0\0\0\x90\x01\0\0\0\0\0\0\
\x04\0\0\0\x02\0\0\0\xa0\x01\0\0\0\0\0\0\x04\0\0\0\x02\0\0\0\xb0\x01\0\0\0\0\0\
\0\x04\0\0\0\x02\0\0\0\xc0\x01\0\0\0\0\0\0\x04\0\0\0\x02\0\0\0\xd0\x01\0\0\0\0\
\0\0\x04\0\0\0\x02\0\0\0\xe0\x01\0\0\0\0\0\0\x04\0\0\0\x02\0\0\0\xf0\x01\0\0\0\
\0\0\0\x04\0\0\0\x02\0\0\0\0\x02\0\0\0\0\0\0\x04\0\0\0\x02\0\0\0\x10\x02\0\0\0\
\0\0\0\x04\0\0\0\x02\0\0\0\x20\x02\0\0\0\0\0\0\x04\0\0\0\x02\0\0\0\x30\x02\0\0\
\0\0\0\0\x04\0\0\0\x02\0\0\0\x40\x02\0\0\0\0\0\0\x04\0\0\0\x02\0\0\0\x50\x02\0\
\0\0\0\0\0\x04\0\0\0\x02\0\0\0\x60\x02\0\0\0\0\0\0\x04\0\0\0\x02\0\0\0\x70\x02\
\0\0\0\0\0\0\x04\0\0\0\x02\0\0\0\x80\x02\0\0\0\0\0\0\x04\0\0\0\x02\0\0\0\x90\
\x02\0\0\0\0\0\0\x04\0\0\0\x02\0\0\0\xa0\x02\0\0\0\0\0\0\x04\0\0\0\x02\0\0\0\
\xb0\x02\0\0\0\0\0\0\x04\0\0\0\x02\0\0\0\xc0\x02\0\0\0\0\0\0\x04\0\0\0\x02\0\0\
\0\xd0\x02\0\0\0\0\0\0\x04\0\0\0\x02\0\0\0\xe0\x02\0\0\0\0\0\0\x04\0\0\0\x02\0\
\0\0\xf0\x02\0\0\0\0\0\0\x04\0\0\0\x02\0\0\0\0\x03\0\0\0\0\0\0\x04\0\0\0\x02\0\
\0\0\x10\x03\0\0\0\0\0\0\x04\0\0\0\x02\0\0\0\x20\x03\0\0\0\0\0\0\x04\0\0\0\x02\
\0\0\0\x30\x03\0\0\0\0\0\0\x04\0\0\0\x02\0\0\0\x40\x03\0\0\0\0\0\0\x04\0\0\0\
\x02\0\0\0\x50\x03\0\0\0\0\0\0\x04\0\0\0\x02\0\0\0\x60\x03\0\0\0\0\0\0\x04\0\0\
\0\x02\0\0\0\x70\x03\0\0\0\0\0\0\x04\0\0\0\x02\0\0\0\x80\x03\0\0\0\0\0\0\x04\0\
\0\0\x02\0\0\0\x90\x03\0\0\0\0\0\0\x04\0\0\0\x02\0\0\0\xa0\x03\0\0\0\0\0\0\x04\
\0\0\0\x02\0\0\0\xb0\x03\0\0\0\0\0\0\x04\0\0\0\x02\0\0\0\xc0\x03\0\0\0\0\0\0\
\x04\0\0\0\x02\0\0\0\xd0\x03\0\0\0\0\0\0\x04\0\0\0\x02\0\0\0\xe0\x03\0\0\0\0\0\
\0\x04\0\0\0\x02\0\0\0\xf0\x03\0\0\0\0\0\0\x04\0\0\0\x02\0\0\0\0\x04\0\0\0\0\0\
\0\x04\0\0\0\x02\0\0\0\x10\x04\0\0\0\0\0\0\x04\0\0\0\x02\0\0\0\x20\x04\0\0\0\0\
\0\0\x04\0\0\0\x02\0\0\0\x30\x04\0\0\0\0\0\0\x04\0\0\0\x02\0\0\0\x40\x04\0\0\0\
\0\0\0\x04\0\0\0\x02\0\0\0\x50\x04\0\0\0\0\0\0\x04\0\0\0\x02\0\0\0\x60\x04\0\0\
\0\0\0\0\x04\0\0\0\x02\0\0\0\x70\x04\0\0\0\0\0\0\x04\0\0\0\x02\0\0\0\x80\x04\0\
\0\0\0\0\0\x04\0\0\0\x02\0\0\0\x90\x04\0\0\0\0\0\0\x04\0\0\0\x02\0\0\0\xa0\x04\
\0\0\0\0\0\0\x04\0\0\0\x02\0\0\0\xb0\x04\0\0\0\0\0\0\x04\0\0\0\x02\0\0\0\xc0\
\x04\0\0\0\0\0\0\x04\0\0\0\x02\0\0\0\xd0\x04\0\0\0\0\0\0\x04\0\0\0\x02\0\0\0\
\xe0\x04\0\0\0\0\0\0\x04\0\0\0\x02\0\0\0\xf0\x04\0\0\0\0\0\0\x04\0\0\0\x02\0\0\
\0\0\x05\0\0\0\0\0\0\x04\0\0\0\x02\0\0\0\x10\x05\0\0\0\0\0\0\x04\0\0\0\x02\0\0\
\0\x20\x05\0\0\0\0\0\0\x04\0\0\0\x02\0\0\0\x30\x05\0\0\0\0\0\0\x04\0\0\0\x02\0\
\0\0\x40\x05\0\0\0\0\0\0\x04\0\0\0\x02\0\0\0\x50\x05\0\0\0\0\0\0\x04\0\0\0\x02\
\0\0\0\x60\x05\0\0\0\0\0\0\x04\0\0\0\x02\0\0\0\x70\x05\0\0\0\0\0\0\x04\0\0\0\
\x02\0\0\0\x80\x05\0\0\0\0\0\0\x04\0\0\0\x02\0\0\0\x90\x05\0\0\0\0\0\0\x04\0\0\
\0\x02\0\0\0\xa0\x05\0\0\0\0\0\0\x04\0\0\0\x02\0\0\0\xb0\x05\0\0\0\0\0\0\x04\0\
\0\0\x02\0\0\0\xc0\x05\0\0\0\0\0\0\x04\0\0\0\x02\0\0\0\xd0\x05\0\0\0\0\0\0\x04\
\0\0\0\x02\0\0\0\xe0\x05\0\0\0\0\0\0\x04\0\0\0\x02\0\0\0\xf0\x05\0\0\0\0\0\0\
\x04\0\0\0\x02\0\0\0\0\x06\0\0\0\0\0\0\x04\0\0\0\x02\0\0\0\x10\x06\0\0\0\0\0\0\
\x04\0\0\0\x02\0\0\0\x20\x06\0\0\0\0\0\0\x04\0\0\0\x02\0\0\0\x30\x06\0\0\0\0\0\
\0\x04\0\0\0\x02\0\0\0\x40\x06\0\0\0\0\0\0\x04\0\0\0\x02\0\0\0\x50\x06\0\0\0\0\
\0\0\x04\0\0\0\x02\0\0\0\x60\x06\0\0\0\0\0\0\x04\0\0\0\x02\0\0\0\x70\x06\0\0\0\
\0\0\0\x04\0\0\0\x02\0\0\0\x80\x06\0\0\0\0\0\0\x04\0\0\0\x02\0\0\0\x90\x06\0\0\
\0\0\0\0\x04\0\0\0\x02\0\0\0\xa0\x06\0\0\0\0\0\0\x04\0\0\0\x02\0\0\0\xb0\x06\0\
\0\0\0\0\0\x04\0\0\0\x02\0\0\0\xc0\x06\0\0\0\0\0\0\x04\0\0\0\x02\0\0\0\xd0\x06\
\0\0\0\0\0\0\x04\0\0\0\x02\0\0\0\xe0\x06\0\0\0\0\0\0\x04\0\0\0\x02\0\0\0\xf0\
\x06\0\0\0\0\0\0\x04\0\0\0\x02\0\0\0\0\x07\0\0\0\0\0\0\x04\0\0\0\x02\0\0\0\x10\
\x07\0\0\0\0\0\0\x04\0\0\0\x02\0\0\0\x20\x07\0\0\0\0\0\0\x04\0\0\0\x02\0\0\0\
\x30\x07\0\0\0\0\0\0\x04\0\0\0\x02\0\0\0\x40\x07\0\0\0\0\0\0\x04\0\0\0\x02\0\0\
\0\x50\x07\0\0\0\0\0\0\x04\0\0\0\x02\0\0\0\x60\x07\0\0\0\0\0\0\x04\0\0\0\x02\0\
\0\0\x70\x07\0\0\0\0\0\0\x04\0\0\0\x02\0\0\0\x80\x07\0\0\0\0\0\0\x04\0\0\0\x02\
\0\0\0\x90\x07\0\0\0\0\0\0\x04\0\0\0\x02\0\0\0\xa0\x07\0\0\0\0\0\0\x04\0\0\0\
\x02\0\0\0\xb0\x07\0\0\0\0\0\0\x04\0\0\0\x02\0\0\0\xc0\x07\0\0\0\0\0\0\x04\0\0\
\0\x02\0\0\0\xd0\x07\0\0\0\0\0\0\x04\0\0\0\x02\0\0\0\xe0\x07\0\0\0\0\0\0\x04\0\
\0\0\x02\0\0\0\xf0\x07\0\0\0\0\0\0\x04\0\0\0\x02\0\0\0\0\x08\0\0\0\0\0\0\x04\0\
\0\0\x02\0\0\0\x10\x08\0\0\0\0\0\0\x04\0\0\0\x02\0\0\0\x20\x08\0\0\0\0\0\0\x04\
\0\0\0\x02\0\0\0\x30\x08\0\0\0\0\0\0\x04\0\0\0\x02\0\0\0\x40\x08\0\0\0\0\0\0\
\x04\0\0\0\x02\0\0\0\x50\x08\0\0\0\0\0\0\x04\0\0\0\x02\0\0\0\x60\x08\0\0\0\0\0\
\0\x04\0\0\0\x02\0\0\0\x70\x08\0\0\0\0\0\0\x04\0\0\0\x02\0\0\0\x80\x08\0\0\0\0\
\0\0\x04\0\0\0\x02\0\0\0\x90\x08\0\0\0\0\0\0\x04\0\0\0\x02\0\0\0\xa0\x08\0\0\0\
\0\0\0\x04\0\0\0\x02\0\0\0\xb0\x08\0\0\0\0\0\0\x04\0\0\0\x02\0\0\0\xc0\x08\0\0\
\0\0\0\0\x04\0\0\0\x02\0\0\0\xd0\x08\0\0\0\0\0\0\x04\0\0\0\x02\0\0\0\xe0\x08\0\
\0\0\0\0\0\x04\0\0\0\x02\0\0\0\xf0\x08\0\0\0\0\0\0\x04\0\0\0\x02\0\0\0\0\x09\0\
\0\0\0\0\0\x04\0\0\0\x02\0\0\0\x10\x09\0\0\0\0\0\0\x04\0\0\0\x02\0\0\0\x20\x09\
\0\0\0\0\0\0\x04\0\0\0\x02\0\0\0\x30\x09\0\0\0\0\0\0\x04\0\0\0\x02\0\0\0\x40\
\x09\0\0\0\0\0\0\x04\0\0\0\x02\0\0\0\x50\x09\0\0\0\0\0\0\x04\0\0\0\x02\0\0\0\
\x60\x09\0\0\0\0\0\0\x04\0\0\0\x02\0\0\0\x70\x09\0\0\0\0\0\0\x04\0\0\0\x02\0\0\
\0\x80\x09\0\0\0\0\0\0\x04\0\0\0\x02\0\0\0\x90\x09\0\0\0\0\0\0\x04\0\0\0\x02\0\
\0\0\xa0\x09\0\0\0\0\0\0\x04\0\0\0\x02\0\0\0\xb0\x09\0\0\0\0\0\0\x04\0\0\0\x02\
\0\0\0\xc0\x09\0\0\0\0\0\0\x04\0\0\0\x02\0\0\0\xd0\x09\0\0\0\0\0\0\x04\0\0\0\
\x02\0\0\0\xe0\x09\0\0\0\0\0\0\x04\0\0\0\x02\0\0\0\xf0\x09\0\0\0\0\0\0\x04\0\0\
\0\x02\0\0\0\0\x0a\0\0\0\0\0\0\x04\0\0\0\x02\0\0\0\x10\x0a\0\0\0\0\0\0\x04\0\0\
\0\x02\0\0\0\x20\x0a\0\0\0\0\0\0\x04\0\0\0\x02\0\0\0\x30\x0a\0\0\0\0\0\0\x04\0\
\0\0\x02\0\0\0\x40\x0a\0\0\0\0\0\0\x04\0\0\0\x02\0\0\0\x50\x0a\0\0\0\0\0\0\x04\
\0\0\0\x02\0\0\0\x60\x0a\0\0\0\0\0\0\x04\0\0\0\x02\0\0\0\x70\x0a\0\0\0\0\0\0\
\x04\0\0\0\x02\0\0\0\x80\x0a\0\0\0\0\0\0\x04\0\0\0\x02\0\0\0\x90\x0a\0\0\0\0\0\
\0\x04\0\0\0\x02\0\0\0\xa0\x0a\0\0\0\0\0\0\x04\0\0\0\x02\0\0\0\xb0\x0a\0\0\0\0\
\0\0\x04\0\0\0\x02\0\0\0\xc0\x0a\0\0\0\0\0\0\x04\0\0\0\x02\0\0\0\xd0\x0a\0\0\0\
\0\0\0\x04\0\0\0\x02\0\0\0\xe0\x0a\0\0\0\0\0\0\x04\0\0\0\x02\0\0\0\xf0\x0a\0\0\
\0\0\0\0\x04\0\0\0\x02\0\0\0\0\x0b\0\0\0\0\0\0\x04\0\0\0\x02\0\0\0\x10\x0b\0\0\
\0\0\0\0\x04\0\0\0\x02\0\0\0\x20\x0b\0\0\0\0\0\0\x04\0\0\0\x02\0\0\0\x30\x0b\0\
\0\0\0\0\0\x04\0\0\0\x02\0\0\0\x40\x0b\0\0\0\0\0\0\x04\0\0\0\x02\0\0\0\x50\x0b\
\0\0\0\0\0\0\x04\0\0\0\x02\0\0\0\x60\x0b\0\0\0\0\0\0\x04\0\0\0\x02\0\0\0\x70\
\x0b\0\0\0\0\0\0\x04\0\0\0\x02\0\0\0\x80\x0b\0\0\0\0\0\0\x04\0\0\0\x02\0\0\0\
\x90\x0b\0\0\0\0\0\0\x04\0\0\0\x02\0\0\0\xa0\x0b\0\0\0\0\0\0\x04\0\0\0\x02\0\0\
\0\xb0\x0b\0\0\0\0\0\0\x04\0\0\0\x02\0\0\0\xc0\x0b\0\0\0\0\0\0\x04\0\0\0\x02\0\
\0\0\xd0\x0b\0\0\0\0\0\0\x04\0\0\0\x02\0\0\0\xe0\x0b\0\0\0\0\0\0\x04\0\0\0\x02\
\0\0\0\xf0\x0b\0\0\0\0\0\0\x04\0\0\0\x02\0\0\0\0\x0c\0\0\0\0\0\0\x04\0\0\0\x02\
\0\0\0\x10\x0c\0\0\0\0\0\0\x04\0\0\0\x02\0\0\0\x20\x0c\0\0\0\0\0\0\x04\0\0\0\
\x02\0\0\0\x30\x0c\0\0\0\0\0\0\x04\0\0\0\x02\0\0\0\x40\x0c\0\0\0\0\0\0\x04\0\0\
\0\x02\0\0\0\x50\x0c\0\0\0\0\0\0\x04\0\0\0\x02\0\0\0\x60\x0c\0\0\0\0\0\0\x04\0\
\0\0\x02\0\0\0\x70\x0c\0\0\0\0\0\0\x04\0\0\0\x02\0\0\0\x80\x0c\0\0\0\0\0\0\x04\
\0\0\0\x02\0\0\0\x90\x0c\0\0\0\0\0\0\x04\0\0\0\x02\0\0\0\xa0\x0c\0\0\0\0\0\0\
\x04\0\0\0\x02\0\0\0\xb0\x0c\0\0\0\0\0\0\x04\0\0\0\x02\0\0\0\xc0\x0c\0\0\0\0\0\
\0\x04\0\0\0\x02\0\0\0\xd0\x0c\0\0\0\0\0\0\x04\0\0\0\x02\0\0\0\xe0\x0c\0\0\0\0\
\0\0\x04\0\0\0\x02\0\0\0\xf0\x0c\0\0\0\0\0\0\x04\0\0\0\x02\0\0\0\0\x0d\0\0\0\0\
\0\0\x04\0\0\0\x02\0\0\0\x10\x0d\0\0\0\0\0\0\x04\0\0\0\x02\0\0\0\x20\x0d\0\0\0\
\0\0\0\x04\0\0\0\x02\0\0\0\x30\x0d\0\0\0\0\0\0\x04\0\0\0\x02\0\0\0\x40\x0d\0\0\
\0\0\0\0\x04\0\0\0\x02\0\0\0\x50\x0d\0\0\0\0\0\0\x04\0\0\0\x02\0\0\0\x60\x0d\0\
\0\0\0\0\0\x04\0\0\0\x02\0\0\0\x70\x0d\0\0\0\0\0\0\x04\0\0\0\x02\0\0\0\x80\x0d\
\0\0\0\0\0\0\x04\0\0\0\x02\0\0\0\x90\x0d\0\0\0\0\0\0\x04\0\0\0\x02\0\0\0\xa0\
\x0d\0\0\0\0\0\0\x04\0\0\0\x02\0\0\0\xb0\x0d\0\0\0\0\0\0\x04\0\0\0\x02\0\0\0\
\xc0\x0d\0\0\0\0\0\0\x04\0\0\0\x02\0\0\0\xd0\x0d\0\0\0\0\0\0\x04\0\0\0\x02\0\0\
\0\xe0\x0d\0\0\0\0\0\0\x04\0\0\0\x02\0\0\0\xf0\x0d\0\0\0\0\0\0\x04\0\0\0\x02\0\
\0\0\0\x0e\0\0\0\0\0\0\x04\0\0\0\x02\0\0\0\x10\x0e\0\0\0\0\0\0\x04\0\0\0\x02\0\
\0\0\x20\x0e\0\0\0\0\0\0\x04\0\0\0\x02\0\0\0\x30\x0e\0\0\0\0\0\0\x04\0\0\0\x02\
\0\0\0\x40\x0e\0\0\0\0\0\0\x04\0\0\0\x02\0\0\0\x50\x0e\0\0\0\0\0\0\x04\0\0\0\
\x02\0\0\0\x60\x0e\0\0\0\0\0\0\x04\0\0\0\x02\0\0\0\x70\x0e\0\0\0\0\0\0\x04\0\0\
\0\x02\0\0\0\x80\x0e\0\0\0\0\0\0\x04\0\0\0\x02\0\0\0\x90\x0e\0\0\0\0\0\0\x04\0\
\0\0\x02\0\0\0\xa0\x0e\0\0\0\0\0\0\x04\0\0\0\x02\0\0\0\xb0\x0e\0\0\0\0\0\0\x04\
\0\0\0\x02\0\0\0\xc0\x0e\0\0\0\0\0\0\x04\0\0\0\x02\0\0\0\xd0\x0e\0\0\0\0\0\0\
\x04\0\0\0\x02\0\0\0\xe0\x0e\0\0\0\0\0\0\x04\0\0\0\x02\0\0\0\xf0\x0e\0\0\0\0\0\
\0\x04\0\0\0\x02\0\0\0\0\x0f\0\0\0\0\0\0\x04\0\0\0\x02\0\0\0\x10\x0f\0\0\0\0\0\
\0\x04\0\0\0\x02\0\0\0\x20\x0f\0\0\0\0\0\0\x04\0\0\0\x02\0\0\0\x30\x0f\0\0\0\0\
\0\0\x04\0\0\0\x02\0\0\0\x40\x0f\0\0\0\0\0\0\x04\0\0\0\x02\0\0\0\x50\x0f\0\0\0\
\0\0\0\x04\0\0\0\x02\0\0\0\x60\x0f\0\0\0\0\0\0\x04\0\0\0\x02\0\0\0\x70\x0f\0\0\
\0\0\0\0\x04\0\0\0\x02\0\0\0\x80\x0f\0\0\0\0\0\0\x04\0\0\0\x02\0\0\0\x90\x0f\0\
\0\0\0\0\0\x04\0\0\0\x02\0\0\0\x14\0\0\0\0\0\0\0\x03\0\0\0\x21\0\0\0\x18\0\0\0\
\0\0\0\0\x02\0\0\0\x02\0\0\0\x22\0\0\0\0\0\0\0\x03\0\0\0\x23\0\0\0\x26\0\0\0\0\
\0\0\0\x03\0\0\0\x23\0\0\0\x2a\0\0\0\0\0\0\0\x03\0\0\0\x23\0\0\0\x2e\0\0\0\0\0\
\0\0\x03\0\0\0\x23\0\0\0\x3a\0\0\0\0\0\0\0\x03\0\0\0\x23\0\0\0\x4f\0\0\0\0\0\0\
\0\x03\0\0\0\x23\0\0\0\x64\0\0\0\0\0\0\0\x03\0\0\0\x23\0\0\0\x79\0\0\0\0\0\0\0\
\x03\0\0\0\x23\0\0\0\x8e\0\0\0\0\0\0\0\x03\0\0\0\x23\0\0\0\xa3\0\0\0\0\0\0\0\
\x03\0\0\0\x23\0\0\0\xb8\0\0\0\0\0\0\0\x03\0\0\0\x23\0\0\0\xcd\0\0\0\0\0\0\0\
\x03\0\0\0\x23\0\0\0\xe2\0\0\0\0\0\0\0\x03\0\0\0\x23\0\0\0\xff\0\0\0\0\0\0\0\
\x02\0\0\0\x02\0\0\0\x24\x2a\x25\x2b\x26\0\x63\x6f\x75\x6e\x74\x5f\x74\x78\0\
\x2e\x64\x65\x62\x75\x67\x5f\x61\x62\x62\x72\x65\x76\0\x2e\x74\x65\x78\x74\0\
\x2e\x72\x65\x6c\x2e\x42\x54\x46\x2e\x65\x78\x74\0\x2e\x64\x65\x62\x75\x67\x5f\
\x72\x6e\x67\x6c\x69\x73\x74\x73\0\x2e\x64\x65\x62\x75\x67\x5f\x6c\x6f\x63\x6c\
\x69\x73\x74\x73\0\x2e\x72\x65\x6c\x2e\x64\x65\x62\x75\x67\x5f\x73\x74\x72\x5f\
\x6f\x66\x66\x73\x65\x74\x73\0\x70\x72\x6f\x63\x5f\x74\x6f\x5f\x61\x64\x64\x72\
\x65\x73\x73\0\x6e\x75\x6d\x5f\x70\x72\x6f\x63\x65\x73\x73\0\x2e\x62\x73\x73\0\
\x63\x6f\x75\x6e\x74\x5f\x70\x61\x73\x73\0\x2e\x6d\x61\x70\x73\0\x2e\x64\x65\
\x62\x75\x67\x5f\x73\x74\x72\0\x2e\x64\x65\x62\x75\x67\x5f\x6c\x69\x6e\x65\x5f\
\x73\x74\x72\0\x2e\x72\x65\x6c\x2e\x64\x65\x62\x75\x67\x5f\x61\x64\x64\x72\0\
\x2e\x72\x65\x6c\x78\x64\x70\0\x2e\x72\x65\x6c\x2e\x64\x65\x62\x75\x67\x5f\x69\
\x6e\x66\x6f\0\x2e\x6c\x6c\x76\x6d\x5f\x61\x64\x64\x72\x73\x69\x67\0\x6c\x69\
\x63\x65\x6e\x73\x65\0\x2e\x72\x65\x6c\x2e\x64\x65\x62\x75\x67\x5f\x6c\x69\x6e\
\x65\0\x73\x74\x61\x72\x74\x5f\x74\x69\x6d\x65\0\x2e\x72\x65\x6c\x2e\x64\x65\
\x62\x75\x67\x5f\x66\x72\x61\x6d\x65\0\x61\x64\x64\x72\x65\x73\x73\x5f\x74\x6f\
\x5f\x70\x72\x6f\x63\0\x6b\x66\x75\x6e\x63\0\x6b\x66\x75\x6e\x63\x2e\x62\x70\
\x66\x2e\x63\0\x2e\x73\x74\x72\x74\x61\x62\0\x2e\x73\x79\x6d\x74\x61\x62\0\x2e\
\x72\x65\x6c\x2e\x42\x54\x46\0\x4c\x49\x43\x45\x4e\x53\x45\0\x4c\x42\x42\x30\
\x5f\x36\x39\0\x4c\x42\x42\x30\x5f\x35\x39\0\x4c\x42\x42\x30\x5f\x34\x39\0\x4c\
\x42\x42\x30\x5f\x35\x38\0\x4c\x42\x42\x30\x5f\x33\x38\0\x4c\x42\x42\x30\x5f\
\x36\x37\0\x4c\x42\x42\x30\x5f\x36\x36\0\x4c\x42\x42\x30\x5f\x34\x36\0\x4c\x42\
\x42\x30\x5f\x32\x36\0\x4c\x42\x42\x30\x5f\x36\x35\0\x4c\x42\x42\x30\x5f\x35\
\x34\0\x4c\x42\x42\x30\x5f\x34\x34\0\x4c\x42\x42\x30\x5f\x32\x34\0\x4c\x42\x42\
\x30\x5f\x31\x34\0\x4c\x42\x42\x30\x5f\x36\x33\0\x4c\x42\x42\x30\x5f\x35\x33\0\
\x4c\x42\x42\x30\x5f\x34\x33\0\x4c\x42\x42\x30\x5f\x32\x33\0\x4c\x42\x42\x30\
\x5f\x36\x32\0\x4c\x42\x42\x30\x5f\x35\x32\0\x4c\x42\x42\x30\x5f\x33\x32\0\x4c\
\x42\x42\x30\x5f\x36\x31\0\x4c\x42\x42\x30\x5f\x35\x31\0\x2e\x72\x6f\x64\x61\
\x74\x61\x2e\x73\x74\x72\x31\x2e\x31\0\x4c\x42\x42\x30\x5f\x37\x30\0\0\0\0\0\0\
\0\0\0\0\0\0\0\0\0\0\0\0\0\0\0\0\0\0\0\0\0\0\0\0\0\0\0\0\0\0\0\0\0\0\0\0\0\0\0\
\0\0\0\0\0\0\0\0\0\0\0\0\0\0\0\0\0\0\0\0\x3b\x01\0\0\x03\0\0\0\0\0\0\0\0\0\0\0\
\0\0\0\0\0\0\0\0\x95\x88\0\0\0\0\0\0\x2b\x02\0\0\0\0\0\0\0\0\0\0\0\0\0\0\x01\0\
\0\0\0\0\0\0\0\0\0\0\0\0\0\0\x18\0\0\0\x01\0\0\0\x06\0\0\0\0\0\0\0\0\0\0\0\0\0\
\0\0\x40\0\0\0\0\0\0\0\0\0\0\0\0\0\0\0\0\0\0\0\0\0\0\0\x04\0\0\0\0\0\0\0\0\0\0\
\0\0\0\0\0\xc3\0\0\0\x01\0\0\0\x06\0\0\0\0\0\0\0\0\0\0\0\0\0\0\0\x40\0\0\0\0\0\
\0\0\x28\x19\0\0\0\0\0\0\0\0\0\0\0\0\0\0\x08\0\0\0\0\0\0\0\0\0\0\0\0\0\0\0\xbf\
\0\0\0\x09\0\0\0\x40\0\0\0\0\0\0\0\0\0\0\0\0\0\0\0\xc0\x69\0\0\0\0\0\0\xa0\0\0\
\0\0\0\0\0\x1d\0\0\0\x03\0\0\0\x08\0\0\0\0\0\0\0\x10\0\0\0\0\0\0\0\x7e\0\0\0\
\x08\0\0\0\x03\0\0\0\0\0\0\0\0\0\0\0\0\0\0\0\x68\x19\0\0\0\0\0\0\x10\0\0\0\0\0\
\0\0\0\0\0\0\0\0\0\0\x08\0\0\0\0\0\0\0\0\0\0\0\0\0\0\0\xe5\0\0\0\x01\0\0\0\x03\
\0\0\0\0\0\0\0\0\0\0\0\0\0\0\0\x68\x19\0\0\0\0\0\0\x04\0\0\0\0\0\0\0\0\0\0\0\0\
\0\0\0\x01\0\0\0\0\0\0\0\0\0\0\0\0\0\0\0\x8e\0\0\0\x01\0\0\0\x03\0\0\0\0\0\0\0\
\0\0\0\0\0\0\0\0\x70\x19\0\0\0\0\0\0\x60\0\0\0\0\0\0\0\0\0\0\0\0\0\0\0\x08\0\0\
\0\0\0\0\0\0\0\0\0\0\0\0\0\x14\x02\0\0\x01\0\0\0\x32\0\0\0\0\0\0\0\0\0\0\0\0\0\
\0\0\xd0\x19\0\0\0\0\0\0\x29\0\0\0\0\0\0\0\0\0\0\0\0\0\0\0\x01\0\0\0\0\0\0\0\
\x01\0\0\0\0\0\0\0\x3b\0\0\0\x01\0\0\0\0\0\0\0\0\0\0\0\0\0\0\0\0\0\0\0\xf9\x19\
\0\0\0\0\0\0\x25\x08\0\0\0\0\0\0\0\0\0\0\0\0\0\0\x01\0\0\0\0\0\0\0\0\0\0\0\0\0\
\0\0\x0a\0\0\0\x01\0\0\0\0\0\0\0\0\0\0\0\0\0\0\0\0\0\0\0\x1e\x22\0\0\0\0\0\0\
\x3f\x02\0\0\0\0\0\0\0\0\0\0\0\0\0\0\x01\0\0\0\0\0\0\0\0\0\0\0\0\0\0\0\xcb\0\0\
\0\x01\0\0\0\0\0\0\0\0\0\0\0\0\0\0\0\0\0\0\0\x5d\x24\0\0\0\0\0\0\x63\x0c\0\0\0\
\0\0\0\0\0\0\0\0\0\0\0\x01\0\0\0\0\0\0\0\0\0\0\0\0\0\0\0\xc7\0\0\0\x09\0\0\0\
\x40\0\0\0\0\0\0\0\0\0\0\0\0\0\0\0\x60\x6a\0\0\0\0\0\0\x60\0\0\0\0\0\0\0\x1d\0\
\0\0\x0b\0\0\0\x08\0\0\0\0\0\0\0\x10\0\0\0\0\0\0\0\x2b\0\0\0\x01\0\0\0\0\0\0\0\
\0\0\0\0\0\0\0\0\0\0\0\0\xc0\x30\0\0\0\0\0\0\x24\x01\0\0\0\0\0\0\0\0\0\0\0\0\0\
\0\x01\0\0\0\0\0\0\0\0\0\0\0\0\0\0\0\x4f\0\0\0\x01\0\0\0\0\0\0\0\0\0\0\0\0\0\0\
\0\0\0\0\0\xe4\x31\0\0\0\0\0\0\x08\x03\0\0\0\0\0\0\0\0\0\0\0\0\0\0\x01\0\0\0\0\
\0\0\0\0\0\0\0\0\0\0\0\x4b\0\0\0\x09\0\0\0\x40\0\0\0\0\0\0\0\0\0\0\0\0\0\0\0\
\xc0\x6a\0\0\0\0\0\0\0\x0c\0\0\0\0\0\0\x1d\0\0\0\x0e\0\0\0\x08\0\0\0\0\0\0\0\
\x10\0\0\0\0\0\0\0\x94\0\0\0\x01\0\0\0\x30\0\0\0\0\0\0\0\0\0\0\0\0\0\0\0\xec\
\x34\0\0\0\0\0\0\xf7\x07\0\0\0\0\0\0\0\0\0\0\0\0\0\0\x01\0\0\0\0\0\0\0\x01\0\0\
\0\0\0\0\0\xb3\0\0\0\x01\0\0\0\0\0\0\0\0\0\0\0\0\0\0\0\0\0\0\0\xe3\x3c\0\0\0\0\
\0\0\x80\0\0\0\0\0\0\0\0\0\0\0\0\0\0\0\x01\0\0\0\0\0\0\0\0\0\0\0\0\0\0\0\xaf\0\
\0\0\x09\0\0\0\x40\0\0\0\0\0\0\0\0\0\0\0\0\0\0\0\xc0\x76\0\0\0\0\0\0\xf0\0\0\0\
\0\0\0\0\x1d\0\0\0\x11\0\0\0\x08\0\0\0\0\0\0\0\x10\0\0\0\0\0\0\0\x4f\x01\0\0\
\x01\0\0\0\0\0\0\0\0\0\0\0\0\0\0\0\0\0\0\0\x64\x3d\0\0\0\0\0\0\x6c\x11\0\0\0\0\
\0\0\0\0\0\0\0\0\0\0\x04\0\0\0\0\0\0\0\0\0\0\0\0\0\0\0\x4b\x01\0\0\x09\0\0\0\
\x40\0\0\0\0\0\0\0\0\0\0\0\0\0\0\0\xb0\x77\0\0\0\0\0\0\x70\0\0\0\0\0\0\0\x1d\0\
\0\0\x13\0\0\0\x08\0\0\0\0\0\0\0\x10\0\0\0\0\0\0\0\x22\0\0\0\x01\0\0\0\0\0\0\0\
\0\0\0\0\0\0\0\0\0\0\0\0\xd0\x4e\0\0\0\0\0\0\xa0\x0f\0\0\0\0\0\0\0\0\0\0\0\0\0\
\0\x04\0\0\0\0\0\0\0\0\0\0\0\0\0\0\0\x1e\0\0\0\x09\0\0\0\x40\0\0\0\0\0\0\0\0\0\
\0\0\0\0\0\0\x20\x78\0\0\0\0\0\0\x70\x0f\0\0\0\0\0\0\x1d\0\0\0\x15\0\0\0\x08\0\
\0\0\0\0\0\0\x10\0\0\0\0\0\0\0\x0c\x01\0\0\x01\0\0\0\0\0\0\0\0\0\0\0\0\0\0\0\0\
\0\0\0\x70\x5e\0\0\0\0\0\0\x28\0\0\0\0\0\0\0\0\0\0\0\0\0\0\0\x08\0\0\0\0\0\0\0\
\0\0\0\0\0\0\0\0\x08\x01\0\0\x09\0\0\0\x40\0\0\0\0\0\0\0\0\0\0\0\0\0\0\0\x90\
\x87\0\0\0\0\0\0\x20\0\0\0\0\0\0\0\x1d\0\0\0\x17\0\0\0\x08\0\0\0\0\0\0\0\x10\0\
\0\0\0\0\0\0\xf1\0\0\0\x01\0\0\0\0\0\0\0\0\0\0\0\0\0\0\0\0\0\0\0\x98\x5e\0\0\0\
\0\0\0\x44\x06\0\0\0\0\0\0\0\0\0\0\0\0\0\0\x01\0\0\0\0\0\0\0\0\0\0\0\0\0\0\0\
\xed\0\0\0\x09\0\0\0\x40\0\0\0\0\0\0\0\0\0\0\0\0\0\0\0\xb0\x87\0\0\0\0\0\0\xe0\
\0\0\0\0\0\0\0\x1d\0\0\0\x19\0\0\0\x08\0\0\0\0\0\0\0\x10\0\0\0\0\0\0\0\x9f\0\0\
\0\x01\0\0\0\x30\0\0\0\0\0\0\0\0\0\0\0\0\0\0\0\xdc\x64\0\0\0\0\0\0\xbd\0\0\0\0\
\0\0\0\0\0\0\0\0\0\0\0\x01\0\0\0\0\0\0\0\x01\0\0\0\0\0\0\0\xd7\0\0\0\x03\x4c\
\xff\x6f\0\0\0\x80\0\0\0\0\0\0\0\0\0\0\0\0\x90\x88\0\0\0\0\0\0\x05\0\0\0\0\0\0\
\0\x1d\0\0\0\0\0\0\0\x01\0\0\0\0\0\0\0\0\0\0\0\0\0\0\0\x43\x01\0\0\x02\0\0\0\0\
\0\0\0\0\0\0\0\0\0\0\0\0\0\0\0\xa0\x65\0\0\0\0\0\0\x20\x04\0\0\0\0\0\0\x01\0\0\
\0\x24\0\0\0\x08\0\0\0\0\0\0\0\x18\0\0\0\0\0\0\0";

	*sz = sizeof(data) - 1;
	return (const void *)data;
}

#ifdef __cplusplus
struct kfunc_bpf *kfunc_bpf::open(const struct bpf_object_open_opts *opts) { return kfunc_bpf__open_opts(opts); }
struct kfunc_bpf *kfunc_bpf::open_and_load() { return kfunc_bpf__open_and_load(); }
int kfunc_bpf::load(struct kfunc_bpf *skel) { return kfunc_bpf__load(skel); }
int kfunc_bpf::attach(struct kfunc_bpf *skel) { return kfunc_bpf__attach(skel); }
void kfunc_bpf::detach(struct kfunc_bpf *skel) { kfunc_bpf__detach(skel); }
void kfunc_bpf::destroy(struct kfunc_bpf *skel) { kfunc_bpf__destroy(skel); }
const void *kfunc_bpf::elf_bytes(size_t *sz) { return kfunc_bpf__elf_bytes(sz); }
#endif /* __cplusplus */

__attribute__((unused)) static void
kfunc_bpf__assert(struct kfunc_bpf *s __attribute__((unused)))
{
#ifdef __cplusplus
#define _Static_assert static_assert
#endif
	_Static_assert(sizeof(s->bss->count_pass) == 4, "unexpected size of 'count_pass'");
	_Static_assert(sizeof(s->bss->count_tx) == 4, "unexpected size of 'count_tx'");
	_Static_assert(sizeof(s->bss->start_time) == 8, "unexpected size of 'start_time'");
#ifdef __cplusplus
#undef _Static_assert
#endif
}

#endif /* __KFUNC_BPF_SKEL_H__ */
